name,split,netTime
Andrea Salvisberg,SWIM,00:45:10.609
Jonas Schomburg,SWIM,00:45:11.977
Jamie Riddle,SWIM,00:45:14.941
Marten Van Riel,SWIM,00:45:16.426
Finn Große-Freese,SWIM,00:45:16.434
Sven Thalmann,SWIM,00:45:16.887
Jan Stratmann,SWIM,00:45:17.215
Antonio Benito,SWIM,00:45:17.938
Wilhelm Hirsch,SWIM,00:45:18.199
Mattia Ceccarelli,SWIM,00:45:18.602
Casper Stornes,SWIM,00:45:20.461
Kieran Lindars,SWIM,00:45:24.52
Kacper Stepniak,SWIM,00:46:01.813
Rudy Von Berg,SWIM,00:46:03.238
Kristian Blummenfelt,SWIM,00:46:07.109
Matthew Marquardt,SWIM,00:46:10.164
Magnus Ditlev,SWIM,00:46:11.039
Federico Scarabino,SWIM,00:46:12.645
Paul Schuster,SWIM,00:46:13.559
Mathias Lyngsø Petersen,SWIM,00:46:14.387
Dylan Magnien,SWIM,00:46:14.891
Nick Thompson,SWIM,00:46:15.441
Andre Lopes,SWIM,00:46:15.883
Daniel Bækkegård,SWIM,00:46:16.617
Jason West,SWIM,00:46:19.688
Filipe Azevedo,SWIM,00:46:20.242
Kristian Høgenhaug,SWIM,00:47:05.441
Harry Palmer,SWIM,00:47:08.016
Sam Laidlow,SWIM,00:47:10.559
Patrick Lange,SWIM,00:47:10.641
Benjamin Zorgnotti,SWIM,00:47:10.863
Jonas Hoffmann,SWIM,00:47:10.906
Gustav Iden,SWIM,00:47:13.422
Henrik Goesch,SWIM,00:47:15.641
Fernando Toldi,SWIM,00:47:15.641
Nathan Guerbeur,SWIM,00:47:17.098
Bradley Weiss,SWIM,00:49:21.809
Chris Leiferman,SWIM,00:51:15.215
Luciano Taccone,SWIM,00:51:18.125
Dominik Sowieja,SWIM,00:51:19.523
Ben Hill,SWIM,00:51:21.027
Kristian Grue,SWIM,00:51:22.488
Cameron Wurf,SWIM,00:51:22.699
Jack Moody,SWIM,00:51:24.586
Leon Chevalier,SWIM,00:51:24.887
Matt Hanson,SWIM,00:51:25.75
Sam Long,SWIM,00:51:25.922
Dario Giovine,SWIM,00:51:26.625
Jordi Montraveta Moya,SWIM,00:51:28.371
Joe Skipper,SWIM,00:51:59.379
Zachary Cooper,SWIM,00:56:21.941
Jon Saeveras Breivold,SWIM,00:56:27.391
Bart Aernouts,SWIM,00:56:30.895
Jonas Schomburg,T1,00:47:14.217
Jamie Riddle,T1,00:47:22.60
Wilhelm Hirsch,T1,00:47:23.478
Finn Große-Freese,T1,00:47:26.517
Jan Stratmann,T1,00:47:27.924
Andrea Salvisberg,T1,00:47:29.404
Marten Van Riel,T1,00:47:30.658
Mattia Ceccarelli,T1,00:47:31.463
Kieran Lindars,T1,00:47:33.353
Antonio Benito,T1,00:47:35.627
Sven Thalmann,T1,00:47:37.498
Rudy Von Berg,T1,00:48:10.869
Casper Stornes,T1,00:48:15.709
Kristian Blummenfelt,T1,00:48:17.822
Kacper Stepniak,T1,00:48:20.416
Paul Schuster,T1,00:48:23.756
Federico Scarabino,T1,00:48:25.90
Matthew Marquardt,T1,00:48:31.877
Dylan Magnien,T1,00:48:33.596
Jason West,T1,00:48:35.631
Magnus Ditlev,T1,00:48:38.482
Andre Lopes,T1,00:48:40.627
Nick Thompson,T1,00:48:45.373
Mathias Lyngsø Petersen,T1,00:48:49.201
Filipe Azevedo,T1,00:49:04.029
Daniel Bækkegård,T1,00:49:07.064
Benjamin Zorgnotti,T1,00:49:16.189
Gustav Iden,T1,00:49:22.631
Patrick Lange,T1,00:49:24.959
Harry Palmer,T1,00:49:25.74
Nathan Guerbeur,T1,00:49:26.752
Fernando Toldi,T1,00:49:30.451
Kristian Høgenhaug,T1,00:49:33.486
Jonas Hoffmann,T1,00:49:46.006
Henrik Goesch,T1,00:49:47.432
Sam Laidlow,T1,00:49:56.045
Bradley Weiss,T1,00:52:19.15
Sam Long,T1,00:53:36.924
Cameron Wurf,T1,00:53:40.799
Leon Chevalier,T1,00:53:44.295
Dominik Sowieja,T1,00:53:45.728
Matt Hanson,T1,00:53:47.701
Luciano Taccone,T1,00:53:49.17
Jack Moody,T1,00:53:51.154
Jordi Montraveta Moya,T1,00:53:52.877
Kristian Grue,T1,00:54:00.037
Chris Leiferman,T1,00:54:03.139
Dario Giovine,T1,00:54:07.615
Ben Hill,T1,00:54:08.377
Joe Skipper,T1,00:54:20.033
Bart Aernouts,T1,00:58:51.424
Jon Saeveras Breivold,T1,00:59:07.396
Zachary Cooper,T1,00:59:28.17
Jonas Schomburg,BIKE1,01:00:21.379
Marten Van Riel,BIKE1,01:00:25.379
Jamie Riddle,BIKE1,01:00:27.379
Andrea Salvisberg,BIKE1,01:00:29.379
Jan Stratmann,BIKE1,01:00:30.379
Wilhelm Hirsch,BIKE1,01:00:57.379
Antonio Benito,BIKE1,01:01:01.379
Finn Große-Freese,BIKE1,01:01:02.379
Kieran Lindars,BIKE1,01:01:02.379
Sven Thalmann,BIKE1,01:01:04.379
Mattia Ceccarelli,BIKE1,01:01:06.379
Rudy Von Berg,BIKE1,01:01:55.379
Federico Scarabino,BIKE1,01:01:56.379
Kristian Blummenfelt,BIKE1,01:01:58.379
Kacper Stepniak,BIKE1,01:02:00.379
Casper Stornes,BIKE1,01:02:01.379
Magnus Ditlev,BIKE1,01:02:03.379
Paul Schuster,BIKE1,01:02:05.379
Nick Thompson,BIKE1,01:02:07.379
Jason West,BIKE1,01:02:08.379
Mathias Lyngsø Petersen,BIKE1,01:02:09.379
Dylan Magnien,BIKE1,01:02:12.379
Andre Lopes,BIKE1,01:02:16.379
Gustav Iden,BIKE1,01:02:32.379
Nathan Guerbeur,BIKE1,01:02:36.379
Benjamin Zorgnotti,BIKE1,01:02:37.379
Jonas Hoffmann,BIKE1,01:02:47.379
Filipe Azevedo,BIKE1,01:02:49.379
Patrick Lange,BIKE1,01:02:54.379
Harry Palmer,BIKE1,01:02:55.379
Fernando Toldi,BIKE1,01:02:57.379
Kristian Høgenhaug,BIKE1,01:03:00.379
Sam Laidlow,BIKE1,01:03:39.379
Henrik Goesch,BIKE1,01:03:40.379
Daniel Bækkegård,BIKE1,01:03:48.379
Matthew Marquardt,BIKE1,01:06:47.379
Bradley Weiss,BIKE1,01:06:52.379
Cameron Wurf,BIKE1,01:07:43.379
Leon Chevalier,BIKE1,01:07:43.379
Joe Skipper,BIKE1,01:07:45.379
Ben Hill,BIKE1,01:07:46.379
Dominik Sowieja,BIKE1,01:07:48.379
Kristian Grue,BIKE1,01:07:49.379
Luciano Taccone,BIKE1,01:07:50.379
Jordi Montraveta Moya,BIKE1,01:07:50.379
Sam Long,BIKE1,01:07:51.379
Chris Leiferman,BIKE1,01:07:53.379
Dario Giovine,BIKE1,01:07:58.379
Jack Moody,BIKE1,01:08:00.379
Matt Hanson,BIKE1,01:08:07.379
Bart Aernouts,BIKE1,01:13:02.379
Jon Saeveras Breivold,BIKE1,01:13:03.379
Zachary Cooper,BIKE1,01:14:48.379
Marten Van Riel,BIKE2,01:29:21.379
Jamie Riddle,BIKE2,01:29:25.379
Jonas Schomburg,BIKE2,01:29:26.379
Andrea Salvisberg,BIKE2,01:30:52.379
Jan Stratmann,BIKE2,01:31:09.379
Sven Thalmann,BIKE2,01:31:10.379
Kristian Blummenfelt,BIKE2,01:31:22.379
Nick Thompson,BIKE2,01:31:24.379
Kieran Lindars,BIKE2,01:31:30.379
Antonio Benito,BIKE2,01:31:31.379
Mattia Ceccarelli,BIKE2,01:31:36.379
Rudy Von Berg,BIKE2,01:31:37.379
Wilhelm Hirsch,BIKE2,01:31:37.379
Gustav Iden,BIKE2,01:31:38.379
Magnus Ditlev,BIKE2,01:31:39.379
Casper Stornes,BIKE2,01:31:43.379
Federico Scarabino,BIKE2,01:31:44.379
Finn Große-Freese,BIKE2,01:31:46.379
Nathan Guerbeur,BIKE2,01:31:49.379
Sam Laidlow,BIKE2,01:32:16.379
Paul Schuster,BIKE2,01:32:18.379
Jason West,BIKE2,01:32:21.379
Kacper Stepniak,BIKE2,01:32:27.379
Mathias Lyngsø Petersen,BIKE2,01:32:29.379
Kristian Høgenhaug,BIKE2,01:32:29.379
Jonas Hoffmann,BIKE2,01:32:33.379
Dylan Magnien,BIKE2,01:32:34.379
Benjamin Zorgnotti,BIKE2,01:33:28.379
Daniel Bækkegård,BIKE2,01:34:05.379
Andre Lopes,BIKE2,01:34:07.379
Fernando Toldi,BIKE2,01:34:09.379
Harry Palmer,BIKE2,01:34:25.379
Patrick Lange,BIKE2,01:34:31.379
Filipe Azevedo,BIKE2,01:34:34.379
Henrik Goesch,BIKE2,01:35:27.379
Matthew Marquardt,BIKE2,01:37:12.379
Cameron Wurf,BIKE2,01:37:14.379
Leon Chevalier,BIKE2,01:37:18.379
Bradley Weiss,BIKE2,01:37:19.379
Luciano Taccone,BIKE2,01:37:21.379
Joe Skipper,BIKE2,01:37:22.379
Sam Long,BIKE2,01:37:24.379
Ben Hill,BIKE2,01:37:25.379
Jordi Montraveta Moya,BIKE2,01:37:26.379
Dominik Sowieja,BIKE2,01:38:00.379
Kristian Grue,BIKE2,01:38:06.379
Chris Leiferman,BIKE2,01:39:24.379
Dario Giovine,BIKE2,01:39:26.379
Jack Moody,BIKE2,01:40:44.379
Matt Hanson,BIKE2,01:40:46.379
Jon Saeveras Breivold,BIKE2,01:43:29.379
Bart Aernouts,BIKE2,01:43:42.379
Zachary Cooper,BIKE2,01:46:07.379
Marten Van Riel,BIKE3,01:46:56.379
Jamie Riddle,BIKE3,01:47:06.379
Jonas Schomburg,BIKE3,01:47:08.379
Nick Thompson,BIKE3,01:48:43.379
Kristian Blummenfelt,BIKE3,01:48:44.379
Andrea Salvisberg,BIKE3,01:48:46.379
Jan Stratmann,BIKE3,01:48:48.379
Sven Thalmann,BIKE3,01:48:51.379
Rudy Von Berg,BIKE3,01:48:52.379
Gustav Iden,BIKE3,01:48:53.379
Antonio Benito,BIKE3,01:48:55.379
Magnus Ditlev,BIKE3,01:48:56.379
Federico Scarabino,BIKE3,01:48:56.379
Nathan Guerbeur,BIKE3,01:48:58.379
Casper Stornes,BIKE3,01:48:59.379
Wilhelm Hirsch,BIKE3,01:49:02.379
Sam Laidlow,BIKE3,01:49:13.379
Finn Große-Freese,BIKE3,01:49:26.379
Paul Schuster,BIKE3,01:49:28.379
Kieran Lindars,BIKE3,01:49:30.379
Mattia Ceccarelli,BIKE3,01:49:46.379
Kristian Høgenhaug,BIKE3,01:49:54.379
Mathias Lyngsø Petersen,BIKE3,01:50:49.379
Jason West,BIKE3,01:50:52.379
Jonas Hoffmann,BIKE3,01:50:52.379
Kacper Stepniak,BIKE3,01:50:54.379
Dylan Magnien,BIKE3,01:50:56.379
Harry Palmer,BIKE3,01:52:34.379
Benjamin Zorgnotti,BIKE3,01:52:39.379
Fernando Toldi,BIKE3,01:52:39.379
Daniel Bækkegård,BIKE3,01:52:39.379
Andre Lopes,BIKE3,01:52:42.379
Patrick Lange,BIKE3,01:53:12.379
Filipe Azevedo,BIKE3,01:53:14.379
Henrik Goesch,BIKE3,01:54:37.379
Matthew Marquardt,BIKE3,01:54:43.379
Cameron Wurf,BIKE3,01:54:43.379
Ben Hill,BIKE3,01:54:45.379
Joe Skipper,BIKE3,01:54:46.379
Jordi Montraveta Moya,BIKE3,01:54:55.379
Leon Chevalier,BIKE3,01:54:57.379
Sam Long,BIKE3,01:54:58.379
Bradley Weiss,BIKE3,01:54:59.379
Luciano Taccone,BIKE3,01:55:00.379
Dominik Sowieja,BIKE3,01:56:19.379
Kristian Grue,BIKE3,01:56:30.379
Chris Leiferman,BIKE3,01:57:50.379
Dario Giovine,BIKE3,01:58:03.379
Jack Moody,BIKE3,01:59:57.379
Matt Hanson,BIKE3,02:00:23.379
Jon Saeveras Breivold,BIKE3,02:01:19.379
Bart Aernouts,BIKE3,02:01:44.379
Zachary Cooper,BIKE3,02:04:29.379
Jonas Schomburg,BIKE4,02:00:33.379
Marten Van Riel,BIKE4,02:00:34.379
Jamie Riddle,BIKE4,02:00:35.379
Sam Laidlow,BIKE4,02:02:17.379
Casper Stornes,BIKE4,02:02:21.379
Kristian Blummenfelt,BIKE4,02:02:23.379
Sven Thalmann,BIKE4,02:02:28.379
Magnus Ditlev,BIKE4,02:02:40.379
Gustav Iden,BIKE4,02:02:40.379
Nick Thompson,BIKE4,02:02:43.379
Federico Scarabino,BIKE4,02:02:45.379
Nathan Guerbeur,BIKE4,02:02:48.379
Rudy Von Berg,BIKE4,02:02:54.379
Antonio Benito,BIKE4,02:02:55.379
Jan Stratmann,BIKE4,02:02:59.379
Andrea Salvisberg,BIKE4,02:03:16.379
Paul Schuster,BIKE4,02:03:26.379
Wilhelm Hirsch,BIKE4,02:04:01.379
Kieran Lindars,BIKE4,02:04:18.379
Mattia Ceccarelli,BIKE4,02:04:38.379
Kristian Høgenhaug,BIKE4,02:04:38.379
Finn Große-Freese,BIKE4,02:05:14.379
Jason West,BIKE4,02:05:43.379
Jonas Hoffmann,BIKE4,02:05:45.379
Kacper Stepniak,BIKE4,02:05:59.379
Mathias Lyngsø Petersen,BIKE4,02:06:01.379
Dylan Magnien,BIKE4,02:06:04.379
Harry Palmer,BIKE4,02:08:05.379
Daniel Bækkegård,BIKE4,02:08:09.379
Filipe Azevedo,BIKE4,02:08:10.379
Benjamin Zorgnotti,BIKE4,02:08:12.379
Fernando Toldi,BIKE4,02:08:14.379
Andre Lopes,BIKE4,02:08:18.379
Patrick Lange,BIKE4,02:08:24.379
Luciano Taccone,BIKE4,02:08:45.379
Cameron Wurf,BIKE4,02:08:46.379
Matthew Marquardt,BIKE4,02:08:50.379
Leon Chevalier,BIKE4,02:08:57.379
Bradley Weiss,BIKE4,02:09:00.379
Ben Hill,BIKE4,02:09:00.379
Henrik Goesch,BIKE4,02:09:03.379
Joe Skipper,BIKE4,02:09:07.379
Sam Long,BIKE4,02:09:10.379
Jordi Montraveta Moya,BIKE4,02:09:13.379
Dominik Sowieja,BIKE4,02:11:18.379
Kristian Grue,BIKE4,02:11:29.379
Dario Giovine,BIKE4,02:13:27.379
Chris Leiferman,BIKE4,02:13:28.379
Jon Saeveras Breivold,BIKE4,02:15:31.379
Jack Moody,BIKE4,02:15:56.379
Matt Hanson,BIKE4,02:16:25.379
Bart Aernouts,BIKE4,02:16:52.379
Zachary Cooper,BIKE4,02:19:09.379
Jonas Schomburg,BIKE5,02:15:36.379
Jamie Riddle,BIKE5,02:15:38.379
Marten Van Riel,BIKE5,02:15:38.379
Sam Laidlow,BIKE5,02:17:15.379
Casper Stornes,BIKE5,02:17:17.379
Kristian Blummenfelt,BIKE5,02:17:19.379
Magnus Ditlev,BIKE5,02:17:20.379
Gustav Iden,BIKE5,02:17:23.379
Nick Thompson,BIKE5,02:17:26.379
Sven Thalmann,BIKE5,02:17:31.379
Antonio Benito,BIKE5,02:18:07.379
Rudy Von Berg,BIKE5,02:18:09.379
Nathan Guerbeur,BIKE5,02:18:12.379
Federico Scarabino,BIKE5,02:18:12.379
Jan Stratmann,BIKE5,02:18:38.379
Paul Schuster,BIKE5,02:19:16.379
Andrea Salvisberg,BIKE5,02:19:50.379
Wilhelm Hirsch,BIKE5,02:20:37.379
Mattia Ceccarelli,BIKE5,02:20:49.379
Kristian Høgenhaug,BIKE5,02:20:52.379
Kieran Lindars,BIKE5,02:21:02.379
Jason West,BIKE5,02:22:05.379
Jonas Hoffmann,BIKE5,02:22:11.379
Mathias Lyngsø Petersen,BIKE5,02:22:13.379
Dylan Magnien,BIKE5,02:22:14.379
Kacper Stepniak,BIKE5,02:22:15.379
Finn Große-Freese,BIKE5,02:22:15.379
Cameron Wurf,BIKE5,02:23:55.379
Matthew Marquardt,BIKE5,02:24:01.379
Luciano Taccone,BIKE5,02:24:02.379
Bradley Weiss,BIKE5,02:24:02.379
Sam Long,BIKE5,02:24:24.379
Leon Chevalier,BIKE5,02:24:28.379
Ben Hill,BIKE5,02:24:31.379
Filipe Azevedo,BIKE5,02:24:33.379
Harry Palmer,BIKE5,02:24:37.379
Benjamin Zorgnotti,BIKE5,02:24:37.379
Fernando Toldi,BIKE5,02:24:39.379
Daniel Bækkegård,BIKE5,02:24:39.379
Andre Lopes,BIKE5,02:24:43.379
Joe Skipper,BIKE5,02:24:55.379
Jordi Montraveta Moya,BIKE5,02:24:56.379
Patrick Lange,BIKE5,02:24:59.379
Henrik Goesch,BIKE5,02:25:02.379
Dominik Sowieja,BIKE5,02:27:33.379
Kristian Grue,BIKE5,02:27:59.379
Chris Leiferman,BIKE5,02:30:11.379
Dario Giovine,BIKE5,02:30:12.379
Jon Saeveras Breivold,BIKE5,02:31:02.379
Jack Moody,BIKE5,02:32:57.379
Bart Aernouts,BIKE5,02:33:22.379
Matt Hanson,BIKE5,02:34:12.379
Zachary Cooper,BIKE5,02:35:31.379
Marten Van Riel,BIKE6,02:35:12.379
Jonas Schomburg,BIKE6,02:35:14.379
Jamie Riddle,BIKE6,02:35:16.379
Sam Laidlow,BIKE6,02:36:24.379
Casper Stornes,BIKE6,02:36:26.379
Kristian Blummenfelt,BIKE6,02:36:30.379
Gustav Iden,BIKE6,02:36:32.379
Nick Thompson,BIKE6,02:36:33.379
Magnus Ditlev,BIKE6,02:36:40.379
Filipe Azevedo,BIKE6,02:38:10.379
Daniel Bækkegård,BIKE6,02:38:16.379
Antonio Benito,BIKE6,02:38:39.379
Rudy Von Berg,BIKE6,02:38:40.379
Sven Thalmann,BIKE6,02:38:43.379
Nathan Guerbeur,BIKE6,02:39:52.379
Federico Scarabino,BIKE6,02:39:54.379
Paul Schuster,BIKE6,02:40:22.379
Jan Stratmann,BIKE6,02:40:22.379
Kristian Høgenhaug,BIKE6,02:41:48.379
Mattia Ceccarelli,BIKE6,02:41:51.379
Andrea Salvisberg,BIKE6,02:42:09.379
Wilhelm Hirsch,BIKE6,02:42:11.379
Mathias Lyngsø Petersen,BIKE6,02:43:29.379
Jason West,BIKE6,02:43:30.379
Jonas Hoffmann,BIKE6,02:43:30.379
Kacper Stepniak,BIKE6,02:43:34.379
Dylan Magnien,BIKE6,02:43:36.379
Matthew Marquardt,BIKE6,02:44:17.379
Cameron Wurf,BIKE6,02:44:18.379
Luciano Taccone,BIKE6,02:44:21.379
Leon Chevalier,BIKE6,02:45:09.379
Sam Long,BIKE6,02:45:11.379
Ben Hill,BIKE6,02:45:12.379
Bradley Weiss,BIKE6,02:45:14.379
Kieran Lindars,BIKE6,02:45:15.379
Finn Große-Freese,BIKE6,02:45:15.379
Jordi Montraveta Moya,BIKE6,02:46:27.379
Fernando Toldi,BIKE6,02:46:29.379
Joe Skipper,BIKE6,02:46:32.379
Harry Palmer,BIKE6,02:46:35.379
Henrik Goesch,BIKE6,02:46:36.379
Patrick Lange,BIKE6,02:46:38.379
Benjamin Zorgnotti,BIKE6,02:46:41.379
Andre Lopes,BIKE6,02:46:45.379
Dominik Sowieja,BIKE6,02:48:55.379
Kristian Grue,BIKE6,02:49:45.379
Jon Saeveras Breivold,BIKE6,02:51:08.379
Dario Giovine,BIKE6,02:51:59.379
Chris Leiferman,BIKE6,02:52:13.379
Bart Aernouts,BIKE6,02:55:33.379
Jack Moody,BIKE6,02:55:42.379
Zachary Cooper,BIKE6,02:57:20.379
Matt Hanson,BIKE6,02:57:23.379
Marten Van Riel,BIKE7,02:45:12.379
Jamie Riddle,BIKE7,02:45:15.379
Jonas Schomburg,BIKE7,02:45:16.379
Casper Stornes,BIKE7,02:46:17.379
Nick Thompson,BIKE7,02:46:19.379
Sam Laidlow,BIKE7,02:46:20.379
Kristian Blummenfelt,BIKE7,02:46:23.379
Gustav Iden,BIKE7,02:46:25.379
Magnus Ditlev,BIKE7,02:46:27.379
Antonio Benito,BIKE7,02:49:07.379
Rudy Von Berg,BIKE7,02:49:09.379
Sven Thalmann,BIKE7,02:49:45.379
Paul Schuster,BIKE7,02:50:42.379
Jan Stratmann,BIKE7,02:50:44.379
Federico Scarabino,BIKE7,02:50:45.379
Nathan Guerbeur,BIKE7,02:50:51.379
Kristian Høgenhaug,BIKE7,02:52:02.379
Mattia Ceccarelli,BIKE7,02:52:26.379
Wilhelm Hirsch,BIKE7,02:52:51.379
Andrea Salvisberg,BIKE7,02:53:05.379
Jason West,BIKE7,02:54:01.379
Jonas Hoffmann,BIKE7,02:54:03.379
Kacper Stepniak,BIKE7,02:54:04.379
Mathias Lyngsø Petersen,BIKE7,02:54:05.379
Dylan Magnien,BIKE7,02:54:09.379
Cameron Wurf,BIKE7,02:54:35.379
Luciano Taccone,BIKE7,02:54:37.379
Matthew Marquardt,BIKE7,02:54:40.379
Sam Long,BIKE7,02:55:31.379
Leon Chevalier,BIKE7,02:55:32.379
Ben Hill,BIKE7,02:55:36.379
Finn Große-Freese,BIKE7,02:55:38.379
Bradley Weiss,BIKE7,02:55:41.379
Harry Palmer,BIKE7,02:56:45.379
Joe Skipper,BIKE7,02:56:52.379
Henrik Goesch,BIKE7,02:56:55.379
Jordi Montraveta Moya,BIKE7,02:57:01.379
Fernando Toldi,BIKE7,02:57:03.379
Filipe Azevedo,BIKE7,02:57:03.379
Daniel Bækkegård,BIKE7,02:57:04.379
Patrick Lange,BIKE7,02:57:05.379
Benjamin Zorgnotti,BIKE7,02:57:07.379
Kieran Lindars,BIKE7,02:57:13.379
Andre Lopes,BIKE7,02:57:35.379
Dominik Sowieja,BIKE7,02:59:23.379
Kristian Grue,BIKE7,03:00:22.379
Jon Saeveras Breivold,BIKE7,03:01:28.379
Chris Leiferman,BIKE7,03:02:56.379
Dario Giovine,BIKE7,03:03:04.379
Bart Aernouts,BIKE7,03:06:23.379
Jack Moody,BIKE7,03:07:10.379
Matt Hanson,BIKE7,03:08:32.379
Zachary Cooper,BIKE7,03:09:00.379
Jonas Schomburg,BIKE8,03:06:47.379
Jamie Riddle,BIKE8,03:06:48.379
Marten Van Riel,BIKE8,03:06:50.379
Kristian Blummenfelt,BIKE8,03:08:43.379
Sam Laidlow,BIKE8,03:08:46.379
Casper Stornes,BIKE8,03:08:50.379
Nick Thompson,BIKE8,03:08:50.379
Gustav Iden,BIKE8,03:08:53.379
Magnus Ditlev,BIKE8,03:08:55.379
Rudy Von Berg,BIKE8,03:11:30.379
Antonio Benito,BIKE8,03:11:32.379
Paul Schuster,BIKE8,03:13:54.379
Jan Stratmann,BIKE8,03:13:55.379
Nathan Guerbeur,BIKE8,03:13:57.379
Federico Scarabino,BIKE8,03:13:57.379
Sven Thalmann,BIKE8,03:14:00.379
Kristian Høgenhaug,BIKE8,03:14:43.379
Wilhelm Hirsch,BIKE8,03:16:18.379
Matthew Marquardt,BIKE8,03:16:30.379
Luciano Taccone,BIKE8,03:16:34.379
Mattia Ceccarelli,BIKE8,03:16:39.379
Cameron Wurf,BIKE8,03:16:41.379
Mathias Lyngsø Petersen,BIKE8,03:16:43.379
Jason West,BIKE8,03:16:51.379
Jonas Hoffmann,BIKE8,03:17:01.379
Kacper Stepniak,BIKE8,03:17:03.379
Dylan Magnien,BIKE8,03:17:04.379
Andrea Salvisberg,BIKE8,03:17:50.379
Ben Hill,BIKE8,03:18:06.379
Leon Chevalier,BIKE8,03:18:06.379
Sam Long,BIKE8,03:18:08.379
Harry Palmer,BIKE8,03:19:32.379
Joe Skipper,BIKE8,03:19:33.379
Henrik Goesch,BIKE8,03:19:35.379
Finn Große-Freese,BIKE8,03:19:37.379
Bradley Weiss,BIKE8,03:19:48.379
Benjamin Zorgnotti,BIKE8,03:20:12.379
Patrick Lange,BIKE8,03:20:20.379
Jordi Montraveta Moya,BIKE8,03:20:21.379
Filipe Azevedo,BIKE8,03:20:25.379
Fernando Toldi,BIKE8,03:20:25.379
Daniel Bækkegård,BIKE8,03:20:29.379
Andre Lopes,BIKE8,03:22:21.379
Dominik Sowieja,BIKE8,03:22:24.379
Kristian Grue,BIKE8,03:23:42.379
Jon Saeveras Breivold,BIKE8,03:23:48.379
Dario Giovine,BIKE8,03:26:20.379
Chris Leiferman,BIKE8,03:26:23.379
Bart Aernouts,BIKE8,03:30:45.379
Jack Moody,BIKE8,03:32:21.379
Matt Hanson,BIKE8,03:32:55.379
Zachary Cooper,BIKE8,03:36:56.379
Marten Van Riel,BIKE9,03:17:39.379
Jonas Schomburg,BIKE9,03:17:41.379
Jamie Riddle,BIKE9,03:17:43.379
Nick Thompson,BIKE9,03:19:50.379
Kristian Blummenfelt,BIKE9,03:19:54.379
Sam Laidlow,BIKE9,03:19:58.379
Casper Stornes,BIKE9,03:20:00.379
Magnus Ditlev,BIKE9,03:20:02.379
Gustav Iden,BIKE9,03:20:03.379
Rudy Von Berg,BIKE9,03:22:48.379
Antonio Benito,BIKE9,03:22:51.379
Sven Thalmann,BIKE9,03:25:11.379
Paul Schuster,BIKE9,03:25:14.379
Nathan Guerbeur,BIKE9,03:25:16.379
Jan Stratmann,BIKE9,03:25:16.379
Federico Scarabino,BIKE9,03:25:20.379
Kristian Høgenhaug,BIKE9,03:25:47.379
Matthew Marquardt,BIKE9,03:27:03.379
Cameron Wurf,BIKE9,03:27:06.379
Luciano Taccone,BIKE9,03:27:34.379
Wilhelm Hirsch,BIKE9,03:27:36.379
Mathias Lyngsø Petersen,BIKE9,03:27:52.379
Dylan Magnien,BIKE9,03:28:21.379
Jonas Hoffmann,BIKE9,03:28:26.379
Jason West,BIKE9,03:28:27.379
Kacper Stepniak,BIKE9,03:28:30.379
Mattia Ceccarelli,BIKE9,03:28:34.379
Ben Hill,BIKE9,03:29:07.379
Sam Long,BIKE9,03:29:18.379
Leon Chevalier,BIKE9,03:29:23.379
Andrea Salvisberg,BIKE9,03:29:50.379
Harry Palmer,BIKE9,03:30:47.379
Henrik Goesch,BIKE9,03:30:49.379
Joe Skipper,BIKE9,03:30:50.379
Finn Große-Freese,BIKE9,03:30:52.379
Patrick Lange,BIKE9,03:31:33.379
Jordi Montraveta Moya,BIKE9,03:31:45.379
Fernando Toldi,BIKE9,03:31:48.379
Filipe Azevedo,BIKE9,03:31:49.379
Benjamin Zorgnotti,BIKE9,03:31:52.379
Bradley Weiss,BIKE9,03:32:14.379
Dominik Sowieja,BIKE9,03:33:38.379
Andre Lopes,BIKE9,03:33:56.379
Kristian Grue,BIKE9,03:34:41.379
Jon Saeveras Breivold,BIKE9,03:34:44.379
Daniel Bækkegård,BIKE9,03:35:21.379
Dario Giovine,BIKE9,03:38:06.379
Chris Leiferman,BIKE9,03:38:08.379
Bart Aernouts,BIKE9,03:42:51.379
Jack Moody,BIKE9,03:44:27.379
Matt Hanson,BIKE9,03:44:54.379
Zachary Cooper,BIKE9,03:50:47.379
Jamie Riddle,BIKE10,03:25:06.163
Marten Van Riel,BIKE10,03:25:07.769
Jonas Schomburg,BIKE10,03:25:09.468
Kristian Blummenfelt,BIKE10,03:27:15.632
Sam Laidlow,BIKE10,03:27:18.929
Nick Thompson,BIKE10,03:27:20.417
Casper Stornes,BIKE10,03:27:22.675
Magnus Ditlev,BIKE10,03:27:23.632
Gustav Iden,BIKE10,03:27:26.491
Antonio Benito,BIKE10,03:30:17.226
Rudy Von Berg,BIKE10,03:30:18.831
Jan Stratmann,BIKE10,03:32:48.058
Paul Schuster,BIKE10,03:32:50.601
Nathan Guerbeur,BIKE10,03:32:52.491
Federico Scarabino,BIKE10,03:32:54.437
Sven Thalmann,BIKE10,03:32:55.96
Kristian Høgenhaug,BIKE10,03:33:05.132
Matthew Marquardt,BIKE10,03:34:15.776
Cameron Wurf,BIKE10,03:34:33.792
Luciano Taccone,BIKE10,03:35:14.819
Wilhelm Hirsch,BIKE10,03:35:16.413
Mathias Lyngsø Petersen,BIKE10,03:35:18.065
Kacper Stepniak,BIKE10,03:36:17.077
Jonas Hoffmann,BIKE10,03:36:18.452
Jason West,BIKE10,03:36:20.026
Dylan Magnien,BIKE10,03:36:21.64
Mattia Ceccarelli,BIKE10,03:36:26.355
Leon Chevalier,BIKE10,03:36:52.046
Ben Hill,BIKE10,03:36:53.522
Sam Long,BIKE10,03:36:54.265
Harry Palmer,BIKE10,03:38:16.448
Henrik Goesch,BIKE10,03:38:18.222
Finn Große-Freese,BIKE10,03:38:20.132
Joe Skipper,BIKE10,03:38:22.366
Andrea Salvisberg,BIKE10,03:38:24.48
Filipe Azevedo,BIKE10,03:39:43.253
Patrick Lange,BIKE10,03:39:45.038
Jordi Montraveta Moya,BIKE10,03:39:45.937
Fernando Toldi,BIKE10,03:39:47.058
Benjamin Zorgnotti,BIKE10,03:39:49.878
Bradley Weiss,BIKE10,03:40:36.433
Dominik Sowieja,BIKE10,03:41:29.261
Jon Saeveras Breivold,BIKE10,03:42:04.71
Kristian Grue,BIKE10,03:42:07.831
Andre Lopes,BIKE10,03:42:10.366
Daniel Bækkegård,BIKE10,03:43:19.815
Dario Giovine,BIKE10,03:45:51.87
Chris Leiferman,BIKE10,03:45:53.464
Bart Aernouts,BIKE10,03:50:42.772
Jack Moody,BIKE10,03:52:30.054
Matt Hanson,BIKE10,03:52:45.808
Marten Van Riel,BIKE11,03:32:27.379
Jamie Riddle,BIKE11,03:32:29.379
Jonas Schomburg,BIKE11,03:32:30.379
Sam Laidlow,BIKE11,03:34:20.379
Kristian Blummenfelt,BIKE11,03:34:23.379
Gustav Iden,BIKE11,03:34:33.379
Casper Stornes,BIKE11,03:34:37.379
Nick Thompson,BIKE11,03:34:38.379
Magnus Ditlev,BIKE11,03:34:55.379
Antonio Benito,BIKE11,03:38:02.379
Rudy Von Berg,BIKE11,03:38:03.379
Jan Stratmann,BIKE11,03:40:45.379
Nathan Guerbeur,BIKE11,03:40:47.379
Sven Thalmann,BIKE11,03:40:49.379
Paul Schuster,BIKE11,03:40:50.379
Federico Scarabino,BIKE11,03:40:55.379
Kristian Høgenhaug,BIKE11,03:40:58.379
Matthew Marquardt,BIKE11,03:41:26.379
Cameron Wurf,BIKE11,03:42:27.379
Mathias Lyngsø Petersen,BIKE11,03:43:05.379
Luciano Taccone,BIKE11,03:43:06.379
Wilhelm Hirsch,BIKE11,03:43:14.379
Jonas Hoffmann,BIKE11,03:44:11.379
Jason West,BIKE11,03:44:14.379
Dylan Magnien,BIKE11,03:44:16.379
Kacper Stepniak,BIKE11,03:44:20.379
Ben Hill,BIKE11,03:44:27.379
Sam Long,BIKE11,03:44:28.379
Leon Chevalier,BIKE11,03:44:34.379
Mattia Ceccarelli,BIKE11,03:44:34.379
Joe Skipper,BIKE11,03:45:55.379
Harry Palmer,BIKE11,03:45:57.379
Henrik Goesch,BIKE11,03:45:59.379
Finn Große-Freese,BIKE11,03:46:00.379
Andrea Salvisberg,BIKE11,03:46:39.379
Patrick Lange,BIKE11,03:47:41.379
Jordi Montraveta Moya,BIKE11,03:47:42.379
Fernando Toldi,BIKE11,03:47:43.379
Filipe Azevedo,BIKE11,03:47:44.379
Benjamin Zorgnotti,BIKE11,03:47:44.379
Dominik Sowieja,BIKE11,03:49:16.379
Bradley Weiss,BIKE11,03:49:36.379
Jon Saeveras Breivold,BIKE11,03:49:52.379
Kristian Grue,BIKE11,03:49:55.379
Andre Lopes,BIKE11,03:50:24.379
Daniel Bækkegård,BIKE11,03:51:19.379
Chris Leiferman,BIKE11,03:53:40.379
Dario Giovine,BIKE11,03:53:41.379
Bart Aernouts,BIKE11,03:58:56.379
Matt Hanson,BIKE11,04:00:43.379
Jack Moody,BIKE11,04:00:43.379
Zachary Cooper,BIKE11,04:15:14.379
Marten Van Riel,BIKE12,03:45:31.379
Jamie Riddle,BIKE12,03:45:31.379
Jonas Schomburg,BIKE12,03:45:34.379
Sam Laidlow,BIKE12,03:46:45.379
Kristian Blummenfelt,BIKE12,03:46:48.379
Nick Thompson,BIKE12,03:47:19.379
Gustav Iden,BIKE12,03:47:20.379
Casper Stornes,BIKE12,03:47:22.379
Magnus Ditlev,BIKE12,03:48:02.379
Rudy Von Berg,BIKE12,03:51:25.379
Antonio Benito,BIKE12,03:51:27.379
Matthew Marquardt,BIKE12,03:54:07.379
Kristian Høgenhaug,BIKE12,03:54:21.379
Jan Stratmann,BIKE12,03:54:22.379
Paul Schuster,BIKE12,03:54:25.379
Federico Scarabino,BIKE12,03:54:27.379
Nathan Guerbeur,BIKE12,03:54:30.379
Sven Thalmann,BIKE12,03:54:42.379
Cameron Wurf,BIKE12,03:56:05.379
Luciano Taccone,BIKE12,03:57:01.379
Mathias Lyngsø Petersen,BIKE12,03:57:03.379
Wilhelm Hirsch,BIKE12,03:57:04.379
Sam Long,BIKE12,03:57:34.379
Kacper Stepniak,BIKE12,03:57:37.379
Leon Chevalier,BIKE12,03:57:40.379
Jonas Hoffmann,BIKE12,03:57:56.379
Dylan Magnien,BIKE12,03:58:16.379
Jason West,BIKE12,03:58:17.379
Ben Hill,BIKE12,03:58:19.379
Harry Palmer,BIKE12,03:59:21.379
Henrik Goesch,BIKE12,03:59:22.379
Finn Große-Freese,BIKE12,03:59:23.379
Joe Skipper,BIKE12,03:59:36.379
Mattia Ceccarelli,BIKE12,03:59:59.379
Patrick Lange,BIKE12,04:01:33.379
Jordi Montraveta Moya,BIKE12,04:01:35.379
Fernando Toldi,BIKE12,04:01:36.379
Benjamin Zorgnotti,BIKE12,04:01:37.379
Filipe Azevedo,BIKE12,04:01:39.379
Andrea Salvisberg,BIKE12,04:01:52.379
Jon Saeveras Breivold,BIKE12,04:03:08.379
Dominik Sowieja,BIKE12,04:03:09.379
Kristian Grue,BIKE12,04:03:12.379
Andre Lopes,BIKE12,04:05:26.379
Daniel Bækkegård,BIKE12,04:05:48.379
Dario Giovine,BIKE12,04:07:54.379
Chris Leiferman,BIKE12,04:07:57.379
Bart Aernouts,BIKE12,04:13:08.379
Bradley Weiss,BIKE12,04:14:15.379
Matt Hanson,BIKE12,04:14:32.379
Jack Moody,BIKE12,04:15:32.379
Zachary Cooper,BIKE12,09:01:28.379
Marten Van Riel,BIKE13,03:55:56.379
Jamie Riddle,BIKE13,03:56:22.379
Jonas Schomburg,BIKE13,03:56:33.379
Sam Laidlow,BIKE13,03:56:58.379
Kristian Blummenfelt,BIKE13,03:57:04.379
Gustav Iden,BIKE13,03:57:39.379
Nick Thompson,BIKE13,03:57:40.379
Casper Stornes,BIKE13,03:57:49.379
Magnus Ditlev,BIKE13,03:58:31.379
Rudy Von Berg,BIKE13,04:02:03.379
Antonio Benito,BIKE13,04:02:27.379
Matthew Marquardt,BIKE13,04:04:27.379
Jan Stratmann,BIKE13,04:05:07.379
Kristian Høgenhaug,BIKE13,04:05:10.379
Federico Scarabino,BIKE13,04:05:11.379
Nathan Guerbeur,BIKE13,04:05:13.379
Paul Schuster,BIKE13,04:05:13.379
Sven Thalmann,BIKE13,04:06:43.379
Cameron Wurf,BIKE13,04:06:53.379
Wilhelm Hirsch,BIKE13,04:08:12.379
Luciano Taccone,BIKE13,04:08:13.379
Mathias Lyngsø Petersen,BIKE13,04:08:16.379
Sam Long,BIKE13,04:08:17.379
Leon Chevalier,BIKE13,04:08:32.379
Kacper Stepniak,BIKE13,04:08:37.379
Jonas Hoffmann,BIKE13,04:09:01.379
Dylan Magnien,BIKE13,04:09:17.379
Jason West,BIKE13,04:09:46.379
Finn Große-Freese,BIKE13,04:10:08.379
Harry Palmer,BIKE13,04:10:08.379
Henrik Goesch,BIKE13,04:10:11.379
Joe Skipper,BIKE13,04:10:34.379
Mattia Ceccarelli,BIKE13,04:12:07.379
Patrick Lange,BIKE13,04:12:23.379
Jordi Montraveta Moya,BIKE13,04:12:26.379
Fernando Toldi,BIKE13,04:12:27.379
Benjamin Zorgnotti,BIKE13,04:12:38.379
Filipe Azevedo,BIKE13,04:12:43.379
Andrea Salvisberg,BIKE13,04:13:41.379
Jon Saeveras Breivold,BIKE13,04:13:51.379
Dominik Sowieja,BIKE13,04:13:53.379
Kristian Grue,BIKE13,04:14:05.379
Andre Lopes,BIKE13,04:17:02.379
Daniel Bækkegård,BIKE13,04:17:04.379
Chris Leiferman,BIKE13,04:19:09.379
Dario Giovine,BIKE13,04:19:13.379
Bart Aernouts,BIKE13,04:24:45.379
Matt Hanson,BIKE13,04:26:42.379
Jack Moody,BIKE13,04:27:11.379
Bradley Weiss,BIKE13,04:29:31.379
Ben Hill,BIKE13,05:19:08.379
Zachary Cooper,BIKE13,09:25:26.379
Marten Van Riel,BIKE14,04:14:29.379
Sam Laidlow,BIKE14,04:14:55.379
Kristian Blummenfelt,BIKE14,04:14:59.379
Jamie Riddle,BIKE14,04:16:11.379
Gustav Iden,BIKE14,04:16:17.379
Casper Stornes,BIKE14,04:16:18.379
Nick Thompson,BIKE14,04:16:20.379
Jonas Schomburg,BIKE14,04:16:40.379
Magnus Ditlev,BIKE14,04:17:42.379
Rudy Von Berg,BIKE14,04:22:17.379
Antonio Benito,BIKE14,04:22:19.379
Matthew Marquardt,BIKE14,04:22:29.379
Kristian Høgenhaug,BIKE14,04:24:36.379
Federico Scarabino,BIKE14,04:24:37.379
Nathan Guerbeur,BIKE14,04:24:44.379
Jan Stratmann,BIKE14,04:25:21.379
Paul Schuster,BIKE14,04:25:23.379
Cameron Wurf,BIKE14,04:26:49.379
Sam Long,BIKE14,04:27:36.379
Leon Chevalier,BIKE14,04:27:37.379
Luciano Taccone,BIKE14,04:27:40.379
Sven Thalmann,BIKE14,04:27:42.379
Mathias Lyngsø Petersen,BIKE14,04:28:42.379
Wilhelm Hirsch,BIKE14,04:28:44.379
Kacper Stepniak,BIKE14,04:28:57.379
Dylan Magnien,BIKE14,04:29:27.379
Jonas Hoffmann,BIKE14,04:29:29.379
Finn Große-Freese,BIKE14,04:30:07.379
Harry Palmer,BIKE14,04:30:27.379
Henrik Goesch,BIKE14,04:30:29.379
Jason West,BIKE14,04:31:10.379
Jordi Montraveta Moya,BIKE14,04:31:50.379
Joe Skipper,BIKE14,04:31:57.379
Patrick Lange,BIKE14,04:32:18.379
Filipe Azevedo,BIKE14,04:32:19.379
Fernando Toldi,BIKE14,04:32:28.379
Jon Saeveras Breivold,BIKE14,04:32:42.379
Kristian Grue,BIKE14,04:33:04.379
Dominik Sowieja,BIKE14,04:33:38.379
Benjamin Zorgnotti,BIKE14,04:35:08.379
Andrea Salvisberg,BIKE14,04:37:24.379
Mattia Ceccarelli,BIKE14,04:38:16.379
Andre Lopes,BIKE14,04:39:16.379
Chris Leiferman,BIKE14,04:39:35.379
Dario Giovine,BIKE14,04:39:36.379
Daniel Bækkegård,BIKE14,04:39:51.379
Bart Aernouts,BIKE14,04:44:46.379
Matt Hanson,BIKE14,04:47:33.379
Jack Moody,BIKE14,04:47:57.379
Zachary Cooper,BIKE14,09:52:12.379
Marten Van Riel,BIKE15,04:24:22.379
Sam Laidlow,BIKE15,04:24:49.379
Kristian Blummenfelt,BIKE15,04:24:51.379
Gustav Iden,BIKE15,04:26:03.379
Nick Thompson,BIKE15,04:26:04.379
Casper Stornes,BIKE15,04:26:07.379
Jamie Riddle,BIKE15,04:26:36.379
Jonas Schomburg,BIKE15,04:27:23.379
Magnus Ditlev,BIKE15,04:27:56.379
Matthew Marquardt,BIKE15,04:32:08.379
Rudy Von Berg,BIKE15,04:32:58.379
Antonio Benito,BIKE15,04:33:02.379
Federico Scarabino,BIKE15,04:34:59.379
Kristian Høgenhaug,BIKE15,04:35:00.379
Nathan Guerbeur,BIKE15,04:35:03.379
Jan Stratmann,BIKE15,04:36:01.379
Paul Schuster,BIKE15,04:36:06.379
Cameron Wurf,BIKE15,04:37:15.379
Luciano Taccone,BIKE15,04:38:06.379
Sam Long,BIKE15,04:38:08.379
Sven Thalmann,BIKE15,04:38:09.379
Leon Chevalier,BIKE15,04:38:10.379
Wilhelm Hirsch,BIKE15,04:39:02.379
Mathias Lyngsø Petersen,BIKE15,04:39:13.379
Kacper Stepniak,BIKE15,04:39:40.379
Dylan Magnien,BIKE15,04:40:03.379
Jonas Hoffmann,BIKE15,04:40:07.379
Finn Große-Freese,BIKE15,04:40:24.379
Harry Palmer,BIKE15,04:41:01.379
Henrik Goesch,BIKE15,04:41:02.379
Jordi Montraveta Moya,BIKE15,04:42:02.379
Patrick Lange,BIKE15,04:42:25.379
Filipe Azevedo,BIKE15,04:42:30.379
Jason West,BIKE15,04:42:31.379
Jon Saeveras Breivold,BIKE15,04:42:33.379
Joe Skipper,BIKE15,04:42:39.379
Fernando Toldi,BIKE15,04:42:42.379
Kristian Grue,BIKE15,04:43:19.379
Dominik Sowieja,BIKE15,04:44:12.379
Benjamin Zorgnotti,BIKE15,04:46:02.379
Andrea Salvisberg,BIKE15,04:49:40.379
Chris Leiferman,BIKE15,04:50:07.379
Dario Giovine,BIKE15,04:50:08.379
Andre Lopes,BIKE15,04:50:12.379
Mattia Ceccarelli,BIKE15,04:50:48.379
Daniel Bækkegård,BIKE15,04:51:10.379
Bart Aernouts,BIKE15,04:55:17.379
Matt Hanson,BIKE15,04:58:38.379
Jack Moody,BIKE15,04:58:44.379
Zachary Cooper,BIKE15,10:13:13.379
Marten Van Riel,BIKE16,04:31:57.379
Sam Laidlow,BIKE16,04:32:15.379
Kristian Blummenfelt,BIKE16,04:32:19.379
Nick Thompson,BIKE16,04:33:16.379
Gustav Iden,BIKE16,04:33:16.379
Casper Stornes,BIKE16,04:33:30.379
Jamie Riddle,BIKE16,04:34:46.379
Magnus Ditlev,BIKE16,04:35:32.379
Jonas Schomburg,BIKE16,04:35:38.379
Matthew Marquardt,BIKE16,04:39:37.379
Rudy Von Berg,BIKE16,04:40:38.379
Antonio Benito,BIKE16,04:41:06.379
Nathan Guerbeur,BIKE16,04:42:38.379
Kristian Høgenhaug,BIKE16,04:42:42.379
Federico Scarabino,BIKE16,04:42:43.379
Jan Stratmann,BIKE16,04:43:53.379
Paul Schuster,BIKE16,04:43:58.379
Cameron Wurf,BIKE16,04:44:49.379
Luciano Taccone,BIKE16,04:46:03.379
Sam Long,BIKE16,04:46:04.379
Leon Chevalier,BIKE16,04:46:05.379
Sven Thalmann,BIKE16,04:46:32.379
Wilhelm Hirsch,BIKE16,04:47:09.379
Mathias Lyngsø Petersen,BIKE16,04:47:19.379
Kacper Stepniak,BIKE16,04:47:54.379
Dylan Magnien,BIKE16,04:48:12.379
Jonas Hoffmann,BIKE16,04:48:13.379
Finn Große-Freese,BIKE16,04:48:26.379
Henrik Goesch,BIKE16,04:48:58.379
Harry Palmer,BIKE16,04:49:01.379
Jordi Montraveta Moya,BIKE16,04:49:42.379
Patrick Lange,BIKE16,04:50:14.379
Filipe Azevedo,BIKE16,04:50:15.379
Jon Saeveras Breivold,BIKE16,04:50:17.379
Fernando Toldi,BIKE16,04:50:19.379
Joe Skipper,BIKE16,04:50:19.379
Jason West,BIKE16,04:51:16.379
Kristian Grue,BIKE16,04:51:26.379
Dominik Sowieja,BIKE16,04:51:52.379
Benjamin Zorgnotti,BIKE16,04:54:12.379
Chris Leiferman,BIKE16,04:58:10.379
Andre Lopes,BIKE16,04:58:11.379
Andrea Salvisberg,BIKE16,04:58:12.379
Dario Giovine,BIKE16,04:58:14.379
Daniel Bækkegård,BIKE16,04:59:41.379
Mattia Ceccarelli,BIKE16,04:59:54.379
Bart Aernouts,BIKE16,05:03:17.379
Jack Moody,BIKE16,05:06:45.379
Matt Hanson,BIKE16,05:07:39.379
Zachary Cooper,BIKE16,10:38:23.379
Marten Van Riel,BIKE17,04:42:41.379
Sam Laidlow,BIKE17,04:42:46.379
Kristian Blummenfelt,BIKE17,04:42:50.379
Gustav Iden,BIKE17,04:43:41.379
Nick Thompson,BIKE17,04:43:44.379
Casper Stornes,BIKE17,04:43:53.379
Magnus Ditlev,BIKE17,04:46:41.379
Jamie Riddle,BIKE17,04:46:43.379
Jonas Schomburg,BIKE17,04:47:07.379
Matthew Marquardt,BIKE17,04:50:22.379
Rudy Von Berg,BIKE17,04:52:19.379
Antonio Benito,BIKE17,04:52:34.379
Nathan Guerbeur,BIKE17,04:53:18.379
Kristian Høgenhaug,BIKE17,04:53:43.379
Federico Scarabino,BIKE17,04:53:45.379
Jan Stratmann,BIKE17,04:55:24.379
Paul Schuster,BIKE17,04:55:28.379
Cameron Wurf,BIKE17,04:55:49.379
Leon Chevalier,BIKE17,04:57:22.379
Luciano Taccone,BIKE17,04:57:28.379
Sam Long,BIKE17,04:57:48.379
Wilhelm Hirsch,BIKE17,04:58:28.379
Sven Thalmann,BIKE17,04:58:42.379
Mathias Lyngsø Petersen,BIKE17,04:58:50.379
Jonas Hoffmann,BIKE17,04:59:34.379
Finn Große-Freese,BIKE17,04:59:36.379
Dylan Magnien,BIKE17,04:59:37.379
Kacper Stepniak,BIKE17,04:59:39.379
Henrik Goesch,BIKE17,05:00:19.379
Harry Palmer,BIKE17,05:00:23.379
Jordi Montraveta Moya,BIKE17,05:00:57.379
Jon Saeveras Breivold,BIKE17,05:01:18.379
Patrick Lange,BIKE17,05:01:34.379
Fernando Toldi,BIKE17,05:01:35.379
Joe Skipper,BIKE17,05:01:38.379
Filipe Azevedo,BIKE17,05:01:42.379
Dominik Sowieja,BIKE17,05:03:07.379
Kristian Grue,BIKE17,05:03:08.379
Benjamin Zorgnotti,BIKE17,05:05:59.379
Chris Leiferman,BIKE17,05:09:44.379
Dario Giovine,BIKE17,05:09:49.379
Andre Lopes,BIKE17,05:09:50.379
Andrea Salvisberg,BIKE17,05:11:05.379
Daniel Bækkegård,BIKE17,05:11:58.379
Mattia Ceccarelli,BIKE17,05:12:56.379
Bart Aernouts,BIKE17,05:14:50.379
Jack Moody,BIKE17,05:18:48.379
Matt Hanson,BIKE17,05:20:01.379
Jason West,BIKE17,05:58:28.379
Zachary Cooper,BIKE17,10:56:13.379
Marten Van Riel,BIKE18,04:52:42.379
Sam Laidlow,BIKE18,04:52:42.379
Kristian Blummenfelt,BIKE18,04:52:47.379
Gustav Iden,BIKE18,04:53:29.379
Nick Thompson,BIKE18,04:53:31.379
Casper Stornes,BIKE18,04:53:43.379
Magnus Ditlev,BIKE18,04:57:17.379
Jamie Riddle,BIKE18,04:57:20.379
Jonas Schomburg,BIKE18,04:58:30.379
Matthew Marquardt,BIKE18,05:00:33.379
Rudy Von Berg,BIKE18,05:02:35.379
Antonio Benito,BIKE18,05:03:24.379
Nathan Guerbeur,BIKE18,05:03:36.379
Kristian Høgenhaug,BIKE18,05:04:16.379
Federico Scarabino,BIKE18,05:04:17.379
Cameron Wurf,BIKE18,05:06:00.379
Jan Stratmann,BIKE18,05:06:04.379
Paul Schuster,BIKE18,05:06:15.379
Leon Chevalier,BIKE18,05:08:07.379
Luciano Taccone,BIKE18,05:08:08.379
Sam Long,BIKE18,05:08:10.379
Wilhelm Hirsch,BIKE18,05:09:12.379
Mathias Lyngsø Petersen,BIKE18,05:09:39.379
Sven Thalmann,BIKE18,05:09:39.379
Jonas Hoffmann,BIKE18,05:10:13.379
Finn Große-Freese,BIKE18,05:10:14.379
Dylan Magnien,BIKE18,05:10:17.379
Kacper Stepniak,BIKE18,05:10:23.379
Henrik Goesch,BIKE18,05:10:51.379
Harry Palmer,BIKE18,05:10:59.379
Jordi Montraveta Moya,BIKE18,05:11:15.379
Jon Saeveras Breivold,BIKE18,05:11:43.379
Patrick Lange,BIKE18,05:12:18.379
Fernando Toldi,BIKE18,05:12:20.379
Joe Skipper,BIKE18,05:12:20.379
Filipe Azevedo,BIKE18,05:12:23.379
Dominik Sowieja,BIKE18,05:13:44.379
Kristian Grue,BIKE18,05:14:01.379
Benjamin Zorgnotti,BIKE18,05:16:55.379
Chris Leiferman,BIKE18,05:20:29.379
Andre Lopes,BIKE18,05:20:41.379
Dario Giovine,BIKE18,05:20:43.379
Andrea Salvisberg,BIKE18,05:22:48.379
Daniel Bækkegård,BIKE18,05:23:16.379
Mattia Ceccarelli,BIKE18,05:25:04.379
Bart Aernouts,BIKE18,05:25:25.379
Jack Moody,BIKE18,05:30:10.379
Matt Hanson,BIKE18,05:32:18.379
Zachary Cooper,BIKE18,11:17:58.379
Marten Van Riel,BIKE19,05:01:29.379
Sam Laidlow,BIKE19,05:01:32.379
Kristian Blummenfelt,BIKE19,05:01:36.379
Nick Thompson,BIKE19,05:02:08.379
Gustav Iden,BIKE19,05:02:09.379
Casper Stornes,BIKE19,05:02:15.379
Jamie Riddle,BIKE19,05:06:23.379
Magnus Ditlev,BIKE19,05:06:24.379
Jonas Schomburg,BIKE19,05:08:23.379
Matthew Marquardt,BIKE19,05:09:29.379
Rudy Von Berg,BIKE19,05:12:01.379
Antonio Benito,BIKE19,05:13:00.379
Nathan Guerbeur,BIKE19,05:13:01.379
Kristian Høgenhaug,BIKE19,05:13:34.379
Federico Scarabino,BIKE19,05:13:36.379
Jan Stratmann,BIKE19,05:15:08.379
Cameron Wurf,BIKE19,05:15:09.379
Paul Schuster,BIKE19,05:16:12.379
Leon Chevalier,BIKE19,05:17:30.379
Sam Long,BIKE19,05:17:30.379
Luciano Taccone,BIKE19,05:17:34.379
Wilhelm Hirsch,BIKE19,05:18:48.379
Sven Thalmann,BIKE19,05:19:10.379
Mathias Lyngsø Petersen,BIKE19,05:19:13.379
Finn Große-Freese,BIKE19,05:19:21.379
Jonas Hoffmann,BIKE19,05:19:37.379
Dylan Magnien,BIKE19,05:19:38.379
Kacper Stepniak,BIKE19,05:19:43.379
Jordi Montraveta Moya,BIKE19,05:20:18.379
Henrik Goesch,BIKE19,05:20:19.379
Harry Palmer,BIKE19,05:20:21.379
Jon Saeveras Breivold,BIKE19,05:20:49.379
Patrick Lange,BIKE19,05:21:37.379
Joe Skipper,BIKE19,05:21:43.379
Fernando Toldi,BIKE19,05:21:44.379
Filipe Azevedo,BIKE19,05:21:45.379
Dominik Sowieja,BIKE19,05:23:15.379
Kristian Grue,BIKE19,05:23:35.379
Benjamin Zorgnotti,BIKE19,05:26:28.379
Chris Leiferman,BIKE19,05:29:52.379
Dario Giovine,BIKE19,05:30:21.379
Andre Lopes,BIKE19,05:30:23.379
Andrea Salvisberg,BIKE19,05:32:58.379
Daniel Bækkegård,BIKE19,05:33:02.379
Bart Aernouts,BIKE19,05:34:50.379
Mattia Ceccarelli,BIKE19,05:35:39.379
Jack Moody,BIKE19,05:40:02.379
Matt Hanson,BIKE19,05:42:33.379
Zachary Cooper,BIKE19,11:30:05.379
Marten Van Riel,BIKE20,05:04:25.379
Sam Laidlow,BIKE20,05:04:31.379
Kristian Blummenfelt,BIKE20,05:04:39.379
Nick Thompson,BIKE20,05:04:58.379
Gustav Iden,BIKE20,05:04:59.379
Casper Stornes,BIKE20,05:05:00.379
Magnus Ditlev,BIKE20,05:09:27.379
Jamie Riddle,BIKE20,05:09:27.379
Jonas Schomburg,BIKE20,05:11:37.379
Matthew Marquardt,BIKE20,05:13:29.379
Rudy Von Berg,BIKE20,05:15:07.379
Antonio Benito,BIKE20,05:16:01.379
Nathan Guerbeur,BIKE20,05:16:10.379
Kristian Høgenhaug,BIKE20,05:16:31.379
Federico Scarabino,BIKE20,05:16:32.379
Cameron Wurf,BIKE20,05:18:02.379
Jan Stratmann,BIKE20,05:18:04.379
Paul Schuster,BIKE20,05:19:16.379
Leon Chevalier,BIKE20,05:20:30.379
Sam Long,BIKE20,05:20:31.379
Luciano Taccone,BIKE20,05:20:33.379
Wilhelm Hirsch,BIKE20,05:21:52.379
Sven Thalmann,BIKE20,05:22:14.379
Mathias Lyngsø Petersen,BIKE20,05:22:16.379
Finn Große-Freese,BIKE20,05:22:18.379
Jonas Hoffmann,BIKE20,05:22:37.379
Dylan Magnien,BIKE20,05:22:37.379
Kacper Stepniak,BIKE20,05:22:39.379
Henrik Goesch,BIKE20,05:23:19.379
Jordi Montraveta Moya,BIKE20,05:23:20.379
Harry Palmer,BIKE20,05:23:24.379
Jon Saeveras Breivold,BIKE20,05:23:45.379
Patrick Lange,BIKE20,05:24:36.379
Joe Skipper,BIKE20,05:24:47.379
Filipe Azevedo,BIKE20,05:24:48.379
Fernando Toldi,BIKE20,05:24:50.379
Dominik Sowieja,BIKE20,05:26:17.379
Kristian Grue,BIKE20,05:26:35.379
Benjamin Zorgnotti,BIKE20,05:29:25.379
Chris Leiferman,BIKE20,05:32:54.379
Andre Lopes,BIKE20,05:33:26.379
Dario Giovine,BIKE20,05:33:27.379
Daniel Bækkegård,BIKE20,05:36:09.379
Andrea Salvisberg,BIKE20,05:36:15.379
Bart Aernouts,BIKE20,05:37:51.379
Mattia Ceccarelli,BIKE20,05:39:04.379
Jack Moody,BIKE20,05:43:14.379
Matt Hanson,BIKE20,05:45:42.379
Zachary Cooper,BIKE20,11:36:27.379
Marten Van Riel,BIKE,05:19:17.882
Sam Laidlow,BIKE,05:19:24.202
Nick Thompson,BIKE,05:19:24.609
Kristian Blummenfelt,BIKE,05:19:37.698
Gustav Iden,BIKE,05:19:38.894
Casper Stornes,BIKE,05:19:41.03
Magnus Ditlev,BIKE,05:24:37.659
Jamie Riddle,BIKE,05:24:43.167
Jonas Schomburg,BIKE,05:27:40.292
Matthew Marquardt,BIKE,05:28:10.39
Rudy Von Berg,BIKE,05:30:45.183
Kristian Høgenhaug,BIKE,05:31:28.441
Federico Scarabino,BIKE,05:31:33.581
Antonio Benito,BIKE,05:31:41.82
Nathan Guerbeur,BIKE,05:31:54.566
Cameron Wurf,BIKE,05:32:54.058
Jan Stratmann,BIKE,05:33:47.163
Paul Schuster,BIKE,05:34:58.241
Sam Long,BIKE,05:35:48.999
Leon Chevalier,BIKE,05:35:52.788
Finn Große-Freese,BIKE,05:37:11.265
Wilhelm Hirsch,BIKE,05:37:11.366
Kacper Stepniak,BIKE,05:37:41.21
Sven Thalmann,BIKE,05:37:47.804
Mathias Lyngsø Petersen,BIKE,05:37:47.925
Dylan Magnien,BIKE,05:38:02.425
Jonas Hoffmann,BIKE,05:38:06.288
Henrik Goesch,BIKE,05:38:56.718
Jordi Montraveta Moya,BIKE,05:38:57.812
Jon Saeveras Breivold,BIKE,05:38:57.902
Harry Palmer,BIKE,05:39:01.632
Luciano Taccone,BIKE,05:39:12.87
Patrick Lange,BIKE,05:40:02.253
Fernando Toldi,BIKE,05:40:51.788
Joe Skipper,BIKE,05:40:57.917
Filipe Azevedo,BIKE,05:41:06.706
Dominik Sowieja,BIKE,05:42:11.073
Kristian Grue,BIKE,05:42:19.351
Benjamin Zorgnotti,BIKE,05:44:42.191
Chris Leiferman,BIKE,05:49:07.437
Dario Giovine,BIKE,05:49:42.234
Andre Lopes,BIKE,05:49:52.909
Daniel Bækkegård,BIKE,05:52:46.80
Bart Aernouts,BIKE,05:52:52.597
Andrea Salvisberg,BIKE,05:52:58.308
Mattia Ceccarelli,BIKE,05:56:40.734
Jack Moody,BIKE,06:00:05.917
Matt Hanson,BIKE,06:02:07.097
Marten Van Riel,T2,05:21:31.486
Sam Laidlow,T2,05:21:31.943
Gustav Iden,T2,05:21:58.033
Kristian Blummenfelt,T2,05:21:58.205
Nick Thompson,T2,05:22:11.201
Casper Stornes,T2,05:22:13.795
Jamie Riddle,T2,05:27:24.928
Magnus Ditlev,T2,05:27:32.416
Jonas Schomburg,T2,05:30:15.178
Matthew Marquardt,T2,05:31:09.146
Rudy Von Berg,T2,05:33:16.818
Kristian Høgenhaug,T2,05:34:00.029
Antonio Benito,T2,05:34:21.084
Federico Scarabino,T2,05:34:21.701
Nathan Guerbeur,T2,05:34:22.596
Cameron Wurf,T2,05:35:07.689
Jan Stratmann,T2,05:36:10.139
Paul Schuster,T2,05:37:31.326
Sam Long,T2,05:38:05.295
Leon Chevalier,T2,05:38:10.478
Wilhelm Hirsch,T2,05:39:44.693
Finn Große-Freese,T2,05:39:57.045
Sven Thalmann,T2,05:40:11.318
Kacper Stepniak,T2,05:40:12.553
Mathias Lyngsø Petersen,T2,05:40:25.682
Jonas Hoffmann,T2,05:40:32.521
Dylan Magnien,T2,05:40:43.381
Henrik Goesch,T2,05:41:26.764
Jordi Montraveta Moya,T2,05:41:30.154
Harry Palmer,T2,05:41:41.928
Jon Saeveras Breivold,T2,05:41:42.596
Luciano Taccone,T2,05:42:00.896
Patrick Lange,T2,05:42:39.889
Fernando Toldi,T2,05:43:42.439
Joe Skipper,T2,05:43:54.389
Filipe Azevedo,T2,05:44:14.475
Kristian Grue,T2,05:44:33.389
Dominik Sowieja,T2,05:45:16.58
Benjamin Zorgnotti,T2,05:47:27.498
Chris Leiferman,T2,05:52:02.307
Andre Lopes,T2,05:53:08.525
Dario Giovine,T2,05:53:25.83
Bart Aernouts,T2,05:55:29.541
Andrea Salvisberg,T2,05:56:28.65
Mattia Ceccarelli,T2,06:00:44.033
Jack Moody,T2,06:02:46.799
Matt Hanson,T2,06:04:44.064
Daniel Bækkegård,T2,06:05:11.642
Sam Laidlow,RUN1,05:21:54.88
Marten Van Riel,RUN1,05:21:55.462
Gustav Iden,RUN1,05:22:21.642
Kristian Blummenfelt,RUN1,05:22:22.892
Casper Stornes,RUN1,05:22:36.001
Nick Thompson,RUN1,05:22:36.142
Jamie Riddle,RUN1,05:27:55.505
Magnus Ditlev,RUN1,05:27:57.938
Jonas Schomburg,RUN1,05:30:37.177
Matthew Marquardt,RUN1,05:31:35.837
Rudy Von Berg,RUN1,05:33:45.802
Kristian Høgenhaug,RUN1,05:34:24.118
Antonio Benito,RUN1,05:34:45.188
Nathan Guerbeur,RUN1,05:34:47.946
Federico Scarabino,RUN1,05:34:52.278
Cameron Wurf,RUN1,05:35:31.829
Jan Stratmann,RUN1,05:36:37.427
Paul Schuster,RUN1,05:37:56.364
Sam Long,RUN1,05:38:28.255
Leon Chevalier,RUN1,05:38:32.712
Wilhelm Hirsch,RUN1,05:40:07.833
Finn Große-Freese,RUN1,05:40:19.567
Sven Thalmann,RUN1,05:40:35.903
Kacper Stepniak,RUN1,05:40:36.606
Mathias Lyngsø Petersen,RUN1,05:40:49.036
Jonas Hoffmann,RUN1,05:40:55.966
Dylan Magnien,RUN1,05:41:06.231
Henrik Goesch,RUN1,05:41:51.763
Jordi Montraveta Moya,RUN1,05:41:56.196
Jon Saeveras Breivold,RUN1,05:42:07.001
Harry Palmer,RUN1,05:42:14.899
Luciano Taccone,RUN1,05:42:26.634
Patrick Lange,RUN1,05:43:02.79
Fernando Toldi,RUN1,05:44:06.013
Joe Skipper,RUN1,05:44:20.688
Filipe Azevedo,RUN1,05:44:40.263
Kristian Grue,RUN1,05:44:59.466
Dominik Sowieja,RUN1,05:45:43.856
Benjamin Zorgnotti,RUN1,05:47:52.251
Chris Leiferman,RUN1,05:52:26.255
Andre Lopes,RUN1,05:53:34.052
Dario Giovine,RUN1,05:53:50.688
Bart Aernouts,RUN1,05:55:54.845
Andrea Salvisberg,RUN1,05:56:53.005
Mattia Ceccarelli,RUN1,06:01:08.997
Jack Moody,RUN1,06:03:08.806
Matt Hanson,RUN1,06:05:07.368
Marten Van Riel,RUN2,05:25:18.379
Sam Laidlow,RUN2,05:25:19.379
Gustav Iden,RUN2,05:25:41.379
Kristian Blummenfelt,RUN2,05:25:41.379
Casper Stornes,RUN2,05:25:57.379
Nick Thompson,RUN2,05:26:06.379
Jamie Riddle,RUN2,05:31:22.379
Magnus Ditlev,RUN2,05:31:34.379
Jonas Schomburg,RUN2,05:33:44.379
Matthew Marquardt,RUN2,05:35:18.379
Rudy Von Berg,RUN2,05:37:17.379
Kristian Høgenhaug,RUN2,05:38:00.379
Antonio Benito,RUN2,05:38:08.379
Nathan Guerbeur,RUN2,05:38:10.379
Federico Scarabino,RUN2,05:39:03.379
Cameron Wurf,RUN2,05:39:18.379
Jan Stratmann,RUN2,05:40:06.379
Paul Schuster,RUN2,05:41:28.379
Leon Chevalier,RUN2,05:41:45.379
Sam Long,RUN2,05:41:47.379
Wilhelm Hirsch,RUN2,05:43:26.379
Finn Große-Freese,RUN2,05:43:35.379
Kacper Stepniak,RUN2,05:44:03.379
Sven Thalmann,RUN2,05:44:14.379
Mathias Lyngsø Petersen,RUN2,05:44:16.379
Jonas Hoffmann,RUN2,05:44:19.379
Dylan Magnien,RUN2,05:44:36.379
Henrik Goesch,RUN2,05:45:14.379
Jordi Montraveta Moya,RUN2,05:45:21.379
Jon Saeveras Breivold,RUN2,05:45:26.379
Harry Palmer,RUN2,05:45:51.379
Luciano Taccone,RUN2,05:45:51.379
Patrick Lange,RUN2,05:46:22.379
Fernando Toldi,RUN2,05:47:34.379
Joe Skipper,RUN2,05:47:57.379
Filipe Azevedo,RUN2,05:48:14.379
Kristian Grue,RUN2,05:48:35.379
Dominik Sowieja,RUN2,05:49:24.379
Benjamin Zorgnotti,RUN2,05:51:14.379
Chris Leiferman,RUN2,05:55:55.379
Andre Lopes,RUN2,05:57:12.379
Dario Giovine,RUN2,05:57:26.379
Bart Aernouts,RUN2,05:59:23.379
Andrea Salvisberg,RUN2,06:00:10.379
Mattia Ceccarelli,RUN2,06:04:53.379
Jack Moody,RUN2,06:06:30.379
Matt Hanson,RUN2,06:08:24.379
Marten Van Riel,RUN3,05:29:01.379
Sam Laidlow,RUN3,05:29:02.379
Gustav Iden,RUN3,05:29:15.379
Kristian Blummenfelt,RUN3,05:29:18.379
Casper Stornes,RUN3,05:29:34.379
Nick Thompson,RUN3,05:29:48.379
Jamie Riddle,RUN3,05:35:02.379
Magnus Ditlev,RUN3,05:35:26.379
Jonas Schomburg,RUN3,05:37:06.379
Matthew Marquardt,RUN3,05:39:26.379
Rudy Von Berg,RUN3,05:41:10.379
Antonio Benito,RUN3,05:41:45.379
Nathan Guerbeur,RUN3,05:41:53.379
Kristian Høgenhaug,RUN3,05:41:58.379
Federico Scarabino,RUN3,05:43:12.379
Cameron Wurf,RUN3,05:43:18.379
Jan Stratmann,RUN3,05:43:53.379
Paul Schuster,RUN3,05:45:19.379
Leon Chevalier,RUN3,05:45:22.379
Sam Long,RUN3,05:45:26.379
Wilhelm Hirsch,RUN3,05:47:03.379
Finn Große-Freese,RUN3,05:47:13.379
Kacper Stepniak,RUN3,05:47:52.379
Jonas Hoffmann,RUN3,05:48:01.379
Mathias Lyngsø Petersen,RUN3,05:48:06.379
Sven Thalmann,RUN3,05:48:08.379
Dylan Magnien,RUN3,05:48:15.379
Henrik Goesch,RUN3,05:48:56.379
Jordi Montraveta Moya,RUN3,05:49:09.379
Jon Saeveras Breivold,RUN3,05:49:09.379
Luciano Taccone,RUN3,05:49:40.379
Harry Palmer,RUN3,05:49:43.379
Patrick Lange,RUN3,05:50:00.379
Fernando Toldi,RUN3,05:51:30.379
Joe Skipper,RUN3,05:51:57.379
Filipe Azevedo,RUN3,05:52:06.379
Kristian Grue,RUN3,05:52:32.379
Dominik Sowieja,RUN3,05:53:31.379
Benjamin Zorgnotti,RUN3,05:55:02.379
Chris Leiferman,RUN3,05:59:40.379
Andre Lopes,RUN3,06:01:02.379
Dario Giovine,RUN3,06:01:18.379
Bart Aernouts,RUN3,06:03:12.379
Andrea Salvisberg,RUN3,06:03:49.379
Mattia Ceccarelli,RUN3,06:09:05.379
Jack Moody,RUN3,06:10:13.379
Matt Hanson,RUN3,06:11:58.379
Marten Van Riel,RUN4,05:32:31.379
Sam Laidlow,RUN4,05:32:32.379
Kristian Blummenfelt,RUN4,05:32:40.379
Gustav Iden,RUN4,05:32:42.379
Casper Stornes,RUN4,05:32:58.379
Nick Thompson,RUN4,05:33:21.379
Jamie Riddle,RUN4,05:38:39.379
Magnus Ditlev,RUN4,05:39:02.379
Jonas Schomburg,RUN4,05:40:21.379
Matthew Marquardt,RUN4,05:43:02.379
Rudy Von Berg,RUN4,05:44:51.379
Antonio Benito,RUN4,05:45:17.379
Nathan Guerbeur,RUN4,05:45:24.379
Kristian Høgenhaug,RUN4,05:45:29.379
Cameron Wurf,RUN4,05:46:58.379
Federico Scarabino,RUN4,05:47:02.379
Jan Stratmann,RUN4,05:47:56.379
Leon Chevalier,RUN4,05:48:48.379
Sam Long,RUN4,05:48:51.379
Paul Schuster,RUN4,05:49:02.379
Wilhelm Hirsch,RUN4,05:50:29.379
Finn Große-Freese,RUN4,05:50:36.379
Jonas Hoffmann,RUN4,05:51:29.379
Kacper Stepniak,RUN4,05:51:29.379
Mathias Lyngsø Petersen,RUN4,05:51:40.379
Dylan Magnien,RUN4,05:51:44.379
Henrik Goesch,RUN4,05:52:28.379
Jordi Montraveta Moya,RUN4,05:52:37.379
Jon Saeveras Breivold,RUN4,05:52:40.379
Luciano Taccone,RUN4,05:53:15.379
Patrick Lange,RUN4,05:53:20.379
Harry Palmer,RUN4,05:53:26.379
Fernando Toldi,RUN4,05:55:09.379
Filipe Azevedo,RUN4,05:55:40.379
Joe Skipper,RUN4,05:55:44.379
Kristian Grue,RUN4,05:56:10.379
Dominik Sowieja,RUN4,05:57:48.379
Benjamin Zorgnotti,RUN4,05:58:34.379
Chris Leiferman,RUN4,06:03:09.379
Andre Lopes,RUN4,06:04:42.379
Dario Giovine,RUN4,06:05:07.379
Bart Aernouts,RUN4,06:06:46.379
Andrea Salvisberg,RUN4,06:07:13.379
Jack Moody,RUN4,06:13:41.379
Matt Hanson,RUN4,06:15:23.379
Marten Van Riel,RUN5,05:36:04.379
Sam Laidlow,RUN5,05:36:10.379
Gustav Iden,RUN5,05:36:11.379
Kristian Blummenfelt,RUN5,05:36:11.379
Casper Stornes,RUN5,05:36:26.379
Nick Thompson,RUN5,05:36:53.379
Jamie Riddle,RUN5,05:42:21.379
Magnus Ditlev,RUN5,05:42:50.379
Jonas Schomburg,RUN5,05:43:38.379
Matthew Marquardt,RUN5,05:46:48.379
Rudy Von Berg,RUN5,05:48:42.379
Antonio Benito,RUN5,05:49:00.379
Nathan Guerbeur,RUN5,05:49:02.379
Kristian Høgenhaug,RUN5,05:49:14.379
Cameron Wurf,RUN5,05:50:46.379
Federico Scarabino,RUN5,05:50:49.379
Jan Stratmann,RUN5,05:51:35.379
Leon Chevalier,RUN5,05:52:26.379
Sam Long,RUN5,05:52:26.379
Paul Schuster,RUN5,05:52:50.379
Finn Große-Freese,RUN5,05:54:02.379
Wilhelm Hirsch,RUN5,05:54:07.379
Jonas Hoffmann,RUN5,05:55:04.379
Kacper Stepniak,RUN5,05:55:06.379
Dylan Magnien,RUN5,05:55:22.379
Mathias Lyngsø Petersen,RUN5,05:55:23.379
Henrik Goesch,RUN5,05:56:01.379
Jordi Montraveta Moya,RUN5,05:56:12.379
Jon Saeveras Breivold,RUN5,05:56:14.379
Luciano Taccone,RUN5,05:56:44.379
Patrick Lange,RUN5,05:56:47.379
Harry Palmer,RUN5,05:57:19.379
Fernando Toldi,RUN5,05:58:58.379
Filipe Azevedo,RUN5,05:59:20.379
Joe Skipper,RUN5,05:59:34.379
Kristian Grue,RUN5,05:59:55.379
Dominik Sowieja,RUN5,06:02:10.379
Benjamin Zorgnotti,RUN5,06:02:19.379
Chris Leiferman,RUN5,06:06:45.379
Andre Lopes,RUN5,06:08:26.379
Dario Giovine,RUN5,06:08:51.379
Bart Aernouts,RUN5,06:10:28.379
Andrea Salvisberg,RUN5,06:10:43.379
Jack Moody,RUN5,06:17:15.379
Mattia Ceccarelli,RUN5,06:17:30.379
Matt Hanson,RUN5,06:18:51.379
Sam Laidlow,RUN6,05:40:41.101
Marten Van Riel,RUN6,05:40:41.499
Gustav Iden,RUN6,05:40:41.796
Kristian Blummenfelt,RUN6,05:40:42.179
Casper Stornes,RUN6,05:40:49.347
Nick Thompson,RUN6,05:41:24.792
Jamie Riddle,RUN6,05:47:01.632
Magnus Ditlev,RUN6,05:47:31.796
Jonas Schomburg,RUN6,05:47:55.253
Matthew Marquardt,RUN6,05:51:31.601
Rudy Von Berg,RUN6,05:53:32.57
Antonio Benito,RUN6,05:53:36.546
Nathan Guerbeur,RUN6,05:53:42.781
Kristian Høgenhaug,RUN6,05:53:53.675
Cameron Wurf,RUN6,05:55:37.765
Federico Scarabino,RUN6,05:55:38.187
Jan Stratmann,RUN6,05:56:14.562
Leon Chevalier,RUN6,05:57:01.261
Sam Long,RUN6,05:57:01.46
Paul Schuster,RUN6,05:57:42.581
Finn Große-Freese,RUN6,05:58:32.023
Wilhelm Hirsch,RUN6,05:58:39.972
Jonas Hoffmann,RUN6,05:59:34.995
Kacper Stepniak,RUN6,05:59:39.304
Dylan Magnien,RUN6,05:59:55.261
Mathias Lyngsø Petersen,RUN6,06:00:00.894
Henrik Goesch,RUN6,06:00:33.05
Jon Saeveras Breivold,RUN6,06:00:44.609
Jordi Montraveta Moya,RUN6,06:00:49.468
Patrick Lange,RUN6,06:01:07.578
Luciano Taccone,RUN6,06:01:24.453
Harry Palmer,RUN6,06:02:03.351
Fernando Toldi,RUN6,06:03:44.601
Filipe Azevedo,RUN6,06:04:09.238
Joe Skipper,RUN6,06:04:27.425
Kristian Grue,RUN6,06:04:43.66
Benjamin Zorgnotti,RUN6,06:07:18.593
Dominik Sowieja,RUN6,06:07:27.671
Chris Leiferman,RUN6,06:11:19.57
Andre Lopes,RUN6,06:13:14.62
Dario Giovine,RUN6,06:13:35.23
Bart Aernouts,RUN6,06:15:08.499
Andrea Salvisberg,RUN6,06:15:12.554
Jack Moody,RUN6,06:21:49.07
Mattia Ceccarelli,RUN6,06:22:47.929
Matt Hanson,RUN6,06:23:13.851
Sam Laidlow,RUN7,05:45:22.379
Casper Stornes,RUN7,05:45:23.379
Marten Van Riel,RUN7,05:45:23.379
Gustav Iden,RUN7,05:45:24.379
Kristian Blummenfelt,RUN7,05:45:24.379
Nick Thompson,RUN7,05:46:15.379
Jamie Riddle,RUN7,05:51:52.379
Jonas Schomburg,RUN7,05:52:28.379
Magnus Ditlev,RUN7,05:52:34.379
Matthew Marquardt,RUN7,05:56:23.379
Antonio Benito,RUN7,05:58:29.379
Nathan Guerbeur,RUN7,05:58:39.379
Rudy Von Berg,RUN7,05:58:40.379
Kristian Høgenhaug,RUN7,05:58:52.379
Cameron Wurf,RUN7,06:00:34.379
Federico Scarabino,RUN7,06:00:39.379
Jan Stratmann,RUN7,06:01:08.379
Sam Long,RUN7,06:01:44.379
Leon Chevalier,RUN7,06:01:47.379
Finn Große-Freese,RUN7,06:03:18.379
Wilhelm Hirsch,RUN7,06:03:30.379
Jonas Hoffmann,RUN7,06:04:16.379
Paul Schuster,RUN7,06:04:26.379
Kacper Stepniak,RUN7,06:04:28.379
Dylan Magnien,RUN7,06:04:41.379
Mathias Lyngsø Petersen,RUN7,06:04:49.379
Henrik Goesch,RUN7,06:05:15.379
Jon Saeveras Breivold,RUN7,06:05:29.379
Jordi Montraveta Moya,RUN7,06:05:37.379
Patrick Lange,RUN7,06:05:46.379
Luciano Taccone,RUN7,06:06:18.379
Harry Palmer,RUN7,06:07:05.379
Fernando Toldi,RUN7,06:08:50.379
Filipe Azevedo,RUN7,06:09:06.379
Joe Skipper,RUN7,06:09:35.379
Kristian Grue,RUN7,06:09:41.379
Benjamin Zorgnotti,RUN7,06:12:21.379
Dominik Sowieja,RUN7,06:12:53.379
Chris Leiferman,RUN7,06:16:08.379
Andre Lopes,RUN7,06:18:23.379
Dario Giovine,RUN7,06:18:29.379
Andrea Salvisberg,RUN7,06:19:53.379
Bart Aernouts,RUN7,06:20:02.379
Jack Moody,RUN7,06:26:40.379
Matt Hanson,RUN7,06:27:47.379
Mattia Ceccarelli,RUN7,06:28:54.379
Marten Van Riel,RUN8,05:49:01.379
Casper Stornes,RUN8,05:49:02.379
Kristian Blummenfelt,RUN8,05:49:02.379
Gustav Iden,RUN8,05:49:04.379
Sam Laidlow,RUN8,05:49:05.379
Nick Thompson,RUN8,05:50:02.379
Jamie Riddle,RUN8,05:55:40.379
Jonas Schomburg,RUN8,05:55:57.379
Magnus Ditlev,RUN8,05:56:32.379
Antonio Benito,RUN8,06:02:23.379
Nathan Guerbeur,RUN8,06:02:25.379
Rudy Von Berg,RUN8,06:02:28.379
Kristian Høgenhaug,RUN8,06:02:35.379
Cameron Wurf,RUN8,06:04:26.379
Federico Scarabino,RUN8,06:04:31.379
Jan Stratmann,RUN8,06:05:00.379
Leon Chevalier,RUN8,06:05:29.379
Sam Long,RUN8,06:05:31.379
Wilhelm Hirsch,RUN8,06:07:11.379
Finn Große-Freese,RUN8,06:07:24.379
Jonas Hoffmann,RUN8,06:07:57.379
Kacper Stepniak,RUN8,06:08:09.379
Paul Schuster,RUN8,06:08:15.379
Dylan Magnien,RUN8,06:08:22.379
Mathias Lyngsø Petersen,RUN8,06:08:36.379
Henrik Goesch,RUN8,06:08:53.379
Jon Saeveras Breivold,RUN8,06:09:19.379
Patrick Lange,RUN8,06:09:21.379
Jordi Montraveta Moya,RUN8,06:09:28.379
Luciano Taccone,RUN8,06:10:12.379
Harry Palmer,RUN8,06:11:09.379
Fernando Toldi,RUN8,06:12:47.379
Kristian Grue,RUN8,06:13:33.379
Benjamin Zorgnotti,RUN8,06:16:10.379
Dominik Sowieja,RUN8,06:17:00.379
Chris Leiferman,RUN8,06:20:39.379
Dario Giovine,RUN8,06:22:20.379
Andre Lopes,RUN8,06:22:22.379
Andrea Salvisberg,RUN8,06:23:39.379
Bart Aernouts,RUN8,06:23:51.379
Jack Moody,RUN8,06:30:20.379
Matt Hanson,RUN8,06:31:22.379
Mattia Ceccarelli,RUN8,06:33:53.379
Marten Van Riel,RUN9,05:52:36.379
Gustav Iden,RUN9,05:52:38.379
Casper Stornes,RUN9,05:52:38.379
Kristian Blummenfelt,RUN9,05:52:41.379
Sam Laidlow,RUN9,05:52:43.379
Nick Thompson,RUN9,05:53:46.379
Jamie Riddle,RUN9,05:59:20.379
Jonas Schomburg,RUN9,05:59:21.379
Magnus Ditlev,RUN9,06:00:18.379
Matthew Marquardt,RUN9,06:03:47.379
Antonio Benito,RUN9,06:06:09.379
Nathan Guerbeur,RUN9,06:06:13.379
Rudy Von Berg,RUN9,06:06:14.379
Kristian Høgenhaug,RUN9,06:06:21.379
Cameron Wurf,RUN9,06:08:13.379
Federico Scarabino,RUN9,06:08:14.379
Jan Stratmann,RUN9,06:08:47.379
Leon Chevalier,RUN9,06:09:07.379
Sam Long,RUN9,06:09:08.379
Wilhelm Hirsch,RUN9,06:10:54.379
Finn Große-Freese,RUN9,06:11:19.379
Jonas Hoffmann,RUN9,06:11:34.379
Kacper Stepniak,RUN9,06:11:45.379
Dylan Magnien,RUN9,06:12:02.379
Paul Schuster,RUN9,06:12:06.379
Mathias Lyngsø Petersen,RUN9,06:12:16.379
Henrik Goesch,RUN9,06:12:31.379
Jon Saeveras Breivold,RUN9,06:12:49.379
Patrick Lange,RUN9,06:12:50.379
Jordi Montraveta Moya,RUN9,06:13:10.379
Luciano Taccone,RUN9,06:13:52.379
Harry Palmer,RUN9,06:14:58.379
Fernando Toldi,RUN9,06:16:47.379
Filipe Azevedo,RUN9,06:16:49.379
Kristian Grue,RUN9,06:17:18.379
Joe Skipper,RUN9,06:17:21.379
Benjamin Zorgnotti,RUN9,06:19:54.379
Dominik Sowieja,RUN9,06:20:53.379
Chris Leiferman,RUN9,06:24:15.379
Dario Giovine,RUN9,06:26:04.379
Andre Lopes,RUN9,06:26:14.379
Andrea Salvisberg,RUN9,06:27:23.379
Bart Aernouts,RUN9,06:27:34.379
Jack Moody,RUN9,06:34:03.379
Matt Hanson,RUN9,06:34:49.379
Mattia Ceccarelli,RUN9,06:38:20.379
Sam Laidlow,RUN10,05:56:18.379
Gustav Iden,RUN10,05:56:18.379
Kristian Blummenfelt,RUN10,05:56:18.379
Marten Van Riel,RUN10,05:56:19.379
Casper Stornes,RUN10,05:56:23.379
Nick Thompson,RUN10,05:57:51.379
Jamie Riddle,RUN10,06:03:09.379
Jonas Schomburg,RUN10,06:03:09.379
Magnus Ditlev,RUN10,06:04:25.379
Matthew Marquardt,RUN10,06:07:44.379
Nathan Guerbeur,RUN10,06:09:53.379
Antonio Benito,RUN10,06:10:12.379
Rudy Von Berg,RUN10,06:10:15.379
Kristian Høgenhaug,RUN10,06:10:17.379
Cameron Wurf,RUN10,06:12:11.379
Federico Scarabino,RUN10,06:12:19.379
Jan Stratmann,RUN10,06:12:33.379
Leon Chevalier,RUN10,06:13:06.379
Sam Long,RUN10,06:13:06.379
Wilhelm Hirsch,RUN10,06:14:55.379
Jonas Hoffmann,RUN10,06:15:25.379
Finn Große-Freese,RUN10,06:15:28.379
Kacper Stepniak,RUN10,06:15:42.379
Dylan Magnien,RUN10,06:15:59.379
Paul Schuster,RUN10,06:16:05.379
Henrik Goesch,RUN10,06:16:26.379
Jon Saeveras Breivold,RUN10,06:16:36.379
Patrick Lange,RUN10,06:16:37.379
Jordi Montraveta Moya,RUN10,06:17:17.379
Harry Palmer,RUN10,06:19:07.379
Filipe Azevedo,RUN10,06:20:55.379
Fernando Toldi,RUN10,06:21:05.379
Kristian Grue,RUN10,06:21:26.379
Joe Skipper,RUN10,06:21:29.379
Benjamin Zorgnotti,RUN10,06:23:57.379
Dominik Sowieja,RUN10,06:25:03.379
Chris Leiferman,RUN10,06:28:06.379
Dario Giovine,RUN10,06:30:05.379
Andre Lopes,RUN10,06:30:24.379
Andrea Salvisberg,RUN10,06:31:19.379
Bart Aernouts,RUN10,06:31:35.379
Jack Moody,RUN10,06:38:04.379
Matt Hanson,RUN10,06:38:35.379
Mattia Ceccarelli,RUN10,06:42:53.379
Gustav Iden,RUN11,05:59:36.70
Sam Laidlow,RUN11,05:59:37.044
Kristian Blummenfelt,RUN11,05:59:37.427
Casper Stornes,RUN11,05:59:41.458
Marten Van Riel,RUN11,05:59:41.88
Nick Thompson,RUN11,06:01:30.602
Jamie Riddle,RUN11,06:06:36.392
Jonas Schomburg,RUN11,06:06:36.704
Magnus Ditlev,RUN11,06:08:08.895
Matthew Marquardt,RUN11,06:11:17.774
Rudy Von Berg,RUN11,06:13:52.704
Antonio Benito,RUN11,06:13:53.001
Kristian Høgenhaug,RUN11,06:13:55.868
Nathan Guerbeur,RUN11,06:14:07.29
Cameron Wurf,RUN11,06:16:04.493
Federico Scarabino,RUN11,06:16:04.802
Jan Stratmann,RUN11,06:16:31.009
Sam Long,RUN11,06:16:39.532
Leon Chevalier,RUN11,06:16:39.852
Wilhelm Hirsch,RUN11,06:18:29.931
Finn Große-Freese,RUN11,06:18:53.841
Jonas Hoffmann,RUN11,06:18:56.626
Kacper Stepniak,RUN11,06:19:12.458
Dylan Magnien,RUN11,06:19:31.22
Mathias Lyngsø Petersen,RUN11,06:19:49.747
Henrik Goesch,RUN11,06:19:54.313
Patrick Lange,RUN11,06:19:57.173
Jon Saeveras Breivold,RUN11,06:19:57.446
Paul Schuster,RUN11,06:20:18.048
Jordi Montraveta Moya,RUN11,06:20:54.626
Luciano Taccone,RUN11,06:21:30.024
Harry Palmer,RUN11,06:22:57.122
Filipe Azevedo,RUN11,06:24:40.837
Fernando Toldi,RUN11,06:25:02.317
Kristian Grue,RUN11,06:25:03.599
Joe Skipper,RUN11,06:25:13.294
Benjamin Zorgnotti,RUN11,06:27:35.806
Dominik Sowieja,RUN11,06:28:59.231
Chris Leiferman,RUN11,06:31:46.481
Dario Giovine,RUN11,06:33:41.61
Andre Lopes,RUN11,06:34:17.571
Andrea Salvisberg,RUN11,06:34:56.489
Bart Aernouts,RUN11,06:35:14.044
Jack Moody,RUN11,06:41:34.899
Matt Hanson,RUN11,06:42:04.302
Mattia Ceccarelli,RUN11,06:48:32.118
Gustav Iden,RUN12,06:02:58.379
Kristian Blummenfelt,RUN12,06:02:58.379
Sam Laidlow,RUN12,06:03:05.379
Casper Stornes,RUN12,06:03:11.379
Marten Van Riel,RUN12,06:03:13.379
Nick Thompson,RUN12,06:05:21.379
Jamie Riddle,RUN12,06:10:05.379
Jonas Schomburg,RUN12,06:10:06.379
Magnus Ditlev,RUN12,06:12:03.379
Matthew Marquardt,RUN12,06:14:59.379
Rudy Von Berg,RUN12,06:17:37.379
Antonio Benito,RUN12,06:17:37.379
Kristian Høgenhaug,RUN12,06:17:41.379
Nathan Guerbeur,RUN12,06:17:54.379
Cameron Wurf,RUN12,06:19:59.379
Federico Scarabino,RUN12,06:20:01.379
Jan Stratmann,RUN12,06:20:17.379
Sam Long,RUN12,06:20:17.379
Leon Chevalier,RUN12,06:20:21.379
Wilhelm Hirsch,RUN12,06:22:09.379
Finn Große-Freese,RUN12,06:22:24.379
Jonas Hoffmann,RUN12,06:22:36.379
Kacper Stepniak,RUN12,06:22:50.379
Dylan Magnien,RUN12,06:23:13.379
Patrick Lange,RUN12,06:23:27.379
Henrik Goesch,RUN12,06:23:29.379
Jon Saeveras Breivold,RUN12,06:23:31.379
Mathias Lyngsø Petersen,RUN12,06:23:34.379
Paul Schuster,RUN12,06:24:24.379
Jordi Montraveta Moya,RUN12,06:24:42.379
Luciano Taccone,RUN12,06:25:19.379
Harry Palmer,RUN12,06:26:56.379
Filipe Azevedo,RUN12,06:28:31.379
Kristian Grue,RUN12,06:28:48.379
Fernando Toldi,RUN12,06:29:06.379
Joe Skipper,RUN12,06:29:08.379
Benjamin Zorgnotti,RUN12,06:31:18.379
Dominik Sowieja,RUN12,06:32:58.379
Chris Leiferman,RUN12,06:35:29.379
Dario Giovine,RUN12,06:37:29.379
Andrea Salvisberg,RUN12,06:38:45.379
Andre Lopes,RUN12,06:38:56.379
Bart Aernouts,RUN12,06:38:58.379
Jack Moody,RUN12,06:45:16.379
Matt Hanson,RUN12,06:45:36.379
Gustav Iden,RUN13,06:06:25.379
Kristian Blummenfelt,RUN13,06:06:26.379
Casper Stornes,RUN13,06:06:47.379
Sam Laidlow,RUN13,06:06:48.379
Marten Van Riel,RUN13,06:07:01.379
Nick Thompson,RUN13,06:09:19.379
Jonas Schomburg,RUN13,06:13:46.379
Jamie Riddle,RUN13,06:13:52.379
Magnus Ditlev,RUN13,06:16:08.379
Matthew Marquardt,RUN13,06:18:51.379
Rudy Von Berg,RUN13,06:21:31.379
Antonio Benito,RUN13,06:21:34.379
Kristian Høgenhaug,RUN13,06:21:34.379
Nathan Guerbeur,RUN13,06:21:52.379
Cameron Wurf,RUN13,06:23:59.379
Sam Long,RUN13,06:24:03.379
Jan Stratmann,RUN13,06:24:03.379
Leon Chevalier,RUN13,06:24:17.379
Federico Scarabino,RUN13,06:24:17.379
Wilhelm Hirsch,RUN13,06:25:58.379
Finn Große-Freese,RUN13,06:25:58.379
Jonas Hoffmann,RUN13,06:26:27.379
Kacper Stepniak,RUN13,06:26:38.379
Dylan Magnien,RUN13,06:27:03.379
Henrik Goesch,RUN13,06:27:11.379
Patrick Lange,RUN13,06:27:12.379
Jon Saeveras Breivold,RUN13,06:27:13.379
Mathias Lyngsø Petersen,RUN13,06:27:29.379
Jordi Montraveta Moya,RUN13,06:28:35.379
Paul Schuster,RUN13,06:28:42.379
Luciano Taccone,RUN13,06:29:24.379
Harry Palmer,RUN13,06:31:09.379
Filipe Azevedo,RUN13,06:32:28.379
Kristian Grue,RUN13,06:32:46.379
Joe Skipper,RUN13,06:33:06.379
Fernando Toldi,RUN13,06:33:19.379
Benjamin Zorgnotti,RUN13,06:35:14.379
Dominik Sowieja,RUN13,06:37:04.379
Chris Leiferman,RUN13,06:39:20.379
Dario Giovine,RUN13,06:41:21.379
Andrea Salvisberg,RUN13,06:42:37.379
Bart Aernouts,RUN13,06:42:53.379
Andre Lopes,RUN13,06:43:10.379
Jack Moody,RUN13,06:49:02.379
Matt Hanson,RUN13,06:49:12.379
Kristian Blummenfelt,RUN14,06:09:44.379
Gustav Iden,RUN14,06:09:45.379
Casper Stornes,RUN14,06:10:10.379
Sam Laidlow,RUN14,06:10:18.379
Marten Van Riel,RUN14,06:10:31.379
Nick Thompson,RUN14,06:13:02.379
Jonas Schomburg,RUN14,06:17:09.379
Jamie Riddle,RUN14,06:17:31.379
Magnus Ditlev,RUN14,06:20:10.379
Matthew Marquardt,RUN14,06:22:29.379
Rudy Von Berg,RUN14,06:25:13.379
Antonio Benito,RUN14,06:25:14.379
Kristian Høgenhaug,RUN14,06:25:18.379
Nathan Guerbeur,RUN14,06:25:38.379
Sam Long,RUN14,06:27:39.379
Cameron Wurf,RUN14,06:27:40.379
Jan Stratmann,RUN14,06:27:41.379
Leon Chevalier,RUN14,06:28:00.379
Federico Scarabino,RUN14,06:28:42.379
Finn Große-Freese,RUN14,06:29:24.379
Wilhelm Hirsch,RUN14,06:29:34.379
Jonas Hoffmann,RUN14,06:30:01.379
Kacper Stepniak,RUN14,06:30:12.379
Dylan Magnien,RUN14,06:30:43.379
Henrik Goesch,RUN14,06:30:45.379
Jon Saeveras Breivold,RUN14,06:30:55.379
Mathias Lyngsø Petersen,RUN14,06:31:14.379
Jordi Montraveta Moya,RUN14,06:32:14.379
Luciano Taccone,RUN14,06:33:02.379
Harry Palmer,RUN14,06:35:08.379
Paul Schuster,RUN14,06:35:27.379
Kristian Grue,RUN14,06:36:31.379
Joe Skipper,RUN14,06:36:51.379
Fernando Toldi,RUN14,06:37:14.379
Benjamin Zorgnotti,RUN14,06:38:54.379
Dominik Sowieja,RUN14,06:40:56.379
Chris Leiferman,RUN14,06:43:02.379
Dario Giovine,RUN14,06:45:00.379
Andrea Salvisberg,RUN14,06:46:14.379
Bart Aernouts,RUN14,06:46:34.379
Andre Lopes,RUN14,06:47:04.379
Matt Hanson,RUN14,06:52:35.379
Jack Moody,RUN14,06:52:43.379
Kristian Blummenfelt,RUN15,06:13:07.379
Gustav Iden,RUN15,06:13:10.379
Casper Stornes,RUN15,06:13:40.379
Sam Laidlow,RUN15,06:13:53.379
Marten Van Riel,RUN15,06:14:12.379
Nick Thompson,RUN15,06:16:53.379
Jonas Schomburg,RUN15,06:20:44.379
Jamie Riddle,RUN15,06:21:16.379
Magnus Ditlev,RUN15,06:24:22.379
Matthew Marquardt,RUN15,06:26:11.379
Rudy Von Berg,RUN15,06:28:57.379
Kristian Høgenhaug,RUN15,06:29:02.379
Antonio Benito,RUN15,06:29:03.379
Nathan Guerbeur,RUN15,06:29:24.379
Sam Long,RUN15,06:31:16.379
Jan Stratmann,RUN15,06:31:28.379
Cameron Wurf,RUN15,06:31:32.379
Leon Chevalier,RUN15,06:31:48.379
Federico Scarabino,RUN15,06:32:52.379
Finn Große-Freese,RUN15,06:33:02.379
Wilhelm Hirsch,RUN15,06:33:19.379
Jonas Hoffmann,RUN15,06:33:45.379
Kacper Stepniak,RUN15,06:33:53.379
Patrick Lange,RUN15,06:34:13.379
Dylan Magnien,RUN15,06:34:21.379
Henrik Goesch,RUN15,06:34:22.379
Jon Saeveras Breivold,RUN15,06:34:40.379
Mathias Lyngsø Petersen,RUN15,06:35:03.379
Jordi Montraveta Moya,RUN15,06:35:56.379
Luciano Taccone,RUN15,06:36:52.379
Harry Palmer,RUN15,06:39:27.379
Paul Schuster,RUN15,06:39:34.379
Filipe Azevedo,RUN15,06:39:56.379
Kristian Grue,RUN15,06:40:18.379
Joe Skipper,RUN15,06:40:52.379
Fernando Toldi,RUN15,06:41:18.379
Benjamin Zorgnotti,RUN15,06:42:42.379
Dominik Sowieja,RUN15,06:44:53.379
Chris Leiferman,RUN15,06:46:48.379
Dario Giovine,RUN15,06:48:50.379
Andrea Salvisberg,RUN15,06:50:01.379
Bart Aernouts,RUN15,06:50:23.379
Andre Lopes,RUN15,06:51:10.379
Matt Hanson,RUN15,06:56:04.379
Jack Moody,RUN15,06:56:24.379
Gustav Iden,RUN16,06:17:28.128
Kristian Blummenfelt,RUN16,06:17:28.57
Casper Stornes,RUN16,06:18:00.945
Sam Laidlow,RUN16,06:18:22.976
Marten Van Riel,RUN16,06:18:52.386
Nick Thompson,RUN16,06:21:42.734
Jonas Schomburg,RUN16,06:25:13.62
Jamie Riddle,RUN16,06:25:53.171
Magnus Ditlev,RUN16,06:29:26.925
Matthew Marquardt,RUN16,06:30:52.585
Kristian Høgenhaug,RUN16,06:33:43.21
Rudy Von Berg,RUN16,06:33:43.597
Antonio Benito,RUN16,06:33:55.285
Nathan Guerbeur,RUN16,06:34:16.913
Sam Long,RUN16,06:35:52.894
Jan Stratmann,RUN16,06:36:15.808
Cameron Wurf,RUN16,06:36:23.101
Leon Chevalier,RUN16,06:36:47.097
Finn Große-Freese,RUN16,06:37:40.124
Wilhelm Hirsch,RUN16,06:38:02.038
Federico Scarabino,RUN16,06:38:04.745
Jonas Hoffmann,RUN16,06:38:30.48
Kacper Stepniak,RUN16,06:38:30.894
Patrick Lange,RUN16,06:38:40.488
Dylan Magnien,RUN16,06:38:58.437
Henrik Goesch,RUN16,06:39:01.714
Jon Saeveras Breivold,RUN16,06:39:16.351
Mathias Lyngsø Petersen,RUN16,06:39:55.839
Jordi Montraveta Moya,RUN16,06:40:41.80
Luciano Taccone,RUN16,06:41:32.933
Paul Schuster,RUN16,06:44:31.074
Filipe Azevedo,RUN16,06:44:47.367
Harry Palmer,RUN16,06:44:51.722
Kristian Grue,RUN16,06:45:17.109
Joe Skipper,RUN16,06:45:50.058
Fernando Toldi,RUN16,06:46:21.66
Benjamin Zorgnotti,RUN16,06:47:35.937
Dominik Sowieja,RUN16,06:49:46.753
Chris Leiferman,RUN16,06:51:29.398
Dario Giovine,RUN16,06:53:36.12
Andrea Salvisberg,RUN16,06:54:57.183
Bart Aernouts,RUN16,06:55:15.253
Andre Lopes,RUN16,06:56:11.441
Matt Hanson,RUN16,07:00:25.66
Jack Moody,RUN16,07:01:04.999
Gustav Iden,RUN17,06:22:00.379
Kristian Blummenfelt,RUN17,06:22:01.379
Casper Stornes,RUN17,06:22:35.379
Sam Laidlow,RUN17,06:23:08.379
Marten Van Riel,RUN17,06:23:43.379
Nick Thompson,RUN17,06:26:50.379
Jonas Schomburg,RUN17,06:30:03.379
Jamie Riddle,RUN17,06:30:45.379
Magnus Ditlev,RUN17,06:34:54.379
Matthew Marquardt,RUN17,06:35:46.379
Rudy Von Berg,RUN17,06:38:42.379
Kristian Høgenhaug,RUN17,06:38:42.379
Antonio Benito,RUN17,06:39:06.379
Nathan Guerbeur,RUN17,06:39:07.379
Sam Long,RUN17,06:40:42.379
Jan Stratmann,RUN17,06:41:20.379
Cameron Wurf,RUN17,06:41:25.379
Leon Chevalier,RUN17,06:41:59.379
Finn Große-Freese,RUN17,06:42:34.379
Wilhelm Hirsch,RUN17,06:43:00.379
Patrick Lange,RUN17,06:43:18.379
Jonas Hoffmann,RUN17,06:43:24.379
Kacper Stepniak,RUN17,06:43:25.379
Henrik Goesch,RUN17,06:43:46.379
Federico Scarabino,RUN17,06:43:46.379
Dylan Magnien,RUN17,06:43:50.379
Jon Saeveras Breivold,RUN17,06:44:10.379
Mathias Lyngsø Petersen,RUN17,06:44:59.379
Jordi Montraveta Moya,RUN17,06:45:43.379
Luciano Taccone,RUN17,06:46:32.379
Paul Schuster,RUN17,06:49:47.379
Filipe Azevedo,RUN17,06:49:52.379
Kristian Grue,RUN17,06:50:37.379
Harry Palmer,RUN17,06:50:37.379
Joe Skipper,RUN17,06:50:57.379
Fernando Toldi,RUN17,06:51:35.379
Benjamin Zorgnotti,RUN17,06:52:40.379
Dominik Sowieja,RUN17,06:55:00.379
Chris Leiferman,RUN17,06:56:25.379
Dario Giovine,RUN17,06:58:37.379
Andrea Salvisberg,RUN17,06:59:59.379
Bart Aernouts,RUN17,07:00:16.379
Andre Lopes,RUN17,07:01:58.379
Matt Hanson,RUN17,07:05:00.379
Jack Moody,RUN17,07:06:03.379
Kristian Blummenfelt,RUN18,06:25:36.379
Gustav Iden,RUN18,06:25:38.379
Casper Stornes,RUN18,06:26:08.379
Sam Laidlow,RUN18,06:26:50.379
Marten Van Riel,RUN18,06:27:36.379
Nick Thompson,RUN18,06:30:57.379
Jonas Schomburg,RUN18,06:33:50.379
Jamie Riddle,RUN18,06:34:42.379
Matthew Marquardt,RUN18,06:39:25.379
Rudy Von Berg,RUN18,06:42:34.379
Kristian Høgenhaug,RUN18,06:42:34.379
Nathan Guerbeur,RUN18,06:42:58.379
Antonio Benito,RUN18,06:43:15.379
Sam Long,RUN18,06:44:32.379
Cameron Wurf,RUN18,06:45:25.379
Jan Stratmann,RUN18,06:45:48.379
Leon Chevalier,RUN18,06:46:00.379
Magnus Ditlev,RUN18,06:46:10.379
Finn Große-Freese,RUN18,06:46:26.379
Wilhelm Hirsch,RUN18,06:46:53.379
Patrick Lange,RUN18,06:46:55.379
Jonas Hoffmann,RUN18,06:47:14.379
Kacper Stepniak,RUN18,06:47:15.379
Henrik Goesch,RUN18,06:47:38.379
Dylan Magnien,RUN18,06:47:38.379
Jon Saeveras Breivold,RUN18,06:48:00.379
Federico Scarabino,RUN18,06:48:25.379
Mathias Lyngsø Petersen,RUN18,06:49:15.379
Jordi Montraveta Moya,RUN18,06:49:35.379
Luciano Taccone,RUN18,06:50:40.379
Filipe Azevedo,RUN18,06:53:51.379
Paul Schuster,RUN18,06:54:17.379
Kristian Grue,RUN18,06:54:45.379
Fernando Toldi,RUN18,06:55:45.379
Benjamin Zorgnotti,RUN18,06:56:37.379
Chris Leiferman,RUN18,07:00:24.379
Dario Giovine,RUN18,07:02:25.379
Andrea Salvisberg,RUN18,07:03:57.379
Bart Aernouts,RUN18,07:04:09.379
Andre Lopes,RUN18,07:06:23.379
Matt Hanson,RUN18,07:08:38.379
Jack Moody,RUN18,07:09:51.379
Kristian Blummenfelt,RUN19,06:29:13.379
Gustav Iden,RUN19,06:29:14.379
Casper Stornes,RUN19,06:29:37.379
Sam Laidlow,RUN19,06:30:29.379
Marten Van Riel,RUN19,06:31:22.379
Nick Thompson,RUN19,06:34:57.379
Jonas Schomburg,RUN19,06:37:29.379
Jamie Riddle,RUN19,06:38:34.379
Matthew Marquardt,RUN19,06:43:13.379
Rudy Von Berg,RUN19,06:46:24.379
Kristian Høgenhaug,RUN19,06:46:25.379
Nathan Guerbeur,RUN19,06:46:38.379
Antonio Benito,RUN19,06:47:15.379
Sam Long,RUN19,06:48:22.379
Magnus Ditlev,RUN19,06:48:59.379
Cameron Wurf,RUN19,06:49:18.379
Finn Große-Freese,RUN19,06:50:07.379
Jan Stratmann,RUN19,06:50:10.379
Patrick Lange,RUN19,06:50:25.379
Leon Chevalier,RUN19,06:50:32.379
Wilhelm Hirsch,RUN19,06:50:40.379
Jonas Hoffmann,RUN19,06:51:00.379
Kacper Stepniak,RUN19,06:51:01.379
Henrik Goesch,RUN19,06:51:20.379
Dylan Magnien,RUN19,06:51:24.379
Jon Saeveras Breivold,RUN19,06:51:45.379
Federico Scarabino,RUN19,06:53:14.379
Mathias Lyngsø Petersen,RUN19,06:53:20.379
Jordi Montraveta Moya,RUN19,06:53:27.379
Luciano Taccone,RUN19,06:54:51.379
Filipe Azevedo,RUN19,06:57:46.379
Kristian Grue,RUN19,06:58:52.379
Paul Schuster,RUN19,06:58:55.379
Joe Skipper,RUN19,06:58:59.379
Fernando Toldi,RUN19,06:59:50.379
Benjamin Zorgnotti,RUN19,07:00:33.379
Harry Palmer,RUN19,07:02:30.379
Dominik Sowieja,RUN19,07:03:19.379
Chris Leiferman,RUN19,07:04:28.379
Dario Giovine,RUN19,07:06:14.379
Bart Aernouts,RUN19,07:07:52.379
Andrea Salvisberg,RUN19,07:07:54.379
Andre Lopes,RUN19,07:10:41.379
Matt Hanson,RUN19,07:12:08.379
Jack Moody,RUN19,07:13:39.379
Gustav Iden,RUN20,06:33:06.379
Kristian Blummenfelt,RUN20,06:33:06.379
Casper Stornes,RUN20,06:33:18.379
Sam Laidlow,RUN20,06:34:27.379
Marten Van Riel,RUN20,06:35:27.379
Nick Thompson,RUN20,06:39:14.379
Jonas Schomburg,RUN20,06:41:30.379
Jamie Riddle,RUN20,06:42:37.379
Matthew Marquardt,RUN20,06:47:12.379
Rudy Von Berg,RUN20,06:50:30.379
Kristian Høgenhaug,RUN20,06:50:31.379
Nathan Guerbeur,RUN20,06:50:39.379
Antonio Benito,RUN20,06:51:39.379
Magnus Ditlev,RUN20,06:52:19.379
Sam Long,RUN20,06:52:24.379
Cameron Wurf,RUN20,06:53:30.379
Finn Große-Freese,RUN20,06:54:03.379
Patrick Lange,RUN20,06:54:14.379
Jan Stratmann,RUN20,06:54:33.379
Wilhelm Hirsch,RUN20,06:54:48.379
Kacper Stepniak,RUN20,06:55:05.379
Jonas Hoffmann,RUN20,06:55:06.379
Leon Chevalier,RUN20,06:55:11.379
Henrik Goesch,RUN20,06:55:23.379
Dylan Magnien,RUN20,06:55:26.379
Jon Saeveras Breivold,RUN20,06:55:51.379
Jordi Montraveta Moya,RUN20,06:57:41.379
Mathias Lyngsø Petersen,RUN20,06:57:45.379
Federico Scarabino,RUN20,06:58:16.379
Luciano Taccone,RUN20,06:59:11.379
Filipe Azevedo,RUN20,07:02:04.379
Joe Skipper,RUN20,07:03:07.379
Kristian Grue,RUN20,07:03:19.379
Paul Schuster,RUN20,07:03:44.379
Fernando Toldi,RUN20,07:04:18.379
Benjamin Zorgnotti,RUN20,07:04:40.379
Harry Palmer,RUN20,07:07:06.379
Dominik Sowieja,RUN20,07:07:33.379
Chris Leiferman,RUN20,07:08:55.379
Dario Giovine,RUN20,07:10:13.379
Bart Aernouts,RUN20,07:11:57.379
Andrea Salvisberg,RUN20,07:12:02.379
Andre Lopes,RUN20,07:15:05.379
Matt Hanson,RUN20,07:15:53.379
Jack Moody,RUN20,07:17:52.379
Gustav Iden,RUN21,06:36:37.657
Kristian Blummenfelt,RUN21,06:36:38.157
Casper Stornes,RUN21,06:36:40.063
Sam Laidlow,RUN21,06:38:04.087
Marten Van Riel,RUN21,06:39:12.185
Nick Thompson,RUN21,06:43:18.563
Jonas Schomburg,RUN21,06:45:09.767
Jamie Riddle,RUN21,06:46:32.915
Matthew Marquardt,RUN21,06:50:49.474
Rudy Von Berg,RUN21,06:54:16.368
Kristian Høgenhaug,RUN21,06:54:16.88
Nathan Guerbeur,RUN21,06:54:23.411
Antonio Benito,RUN21,06:55:47.247
Sam Long,RUN21,06:56:03.806
Cameron Wurf,RUN21,06:57:27.224
Patrick Lange,RUN21,06:57:39.692
Finn Große-Freese,RUN21,06:57:40.063
Wilhelm Hirsch,RUN21,06:58:30.306
Jan Stratmann,RUN21,06:58:35.196
Jonas Hoffmann,RUN21,06:58:52.149
Kacper Stepniak,RUN21,06:58:52.524
Dylan Magnien,RUN21,06:59:04.977
Henrik Goesch,RUN21,06:59:06.169
Leon Chevalier,RUN21,06:59:26.024
Jon Saeveras Breivold,RUN21,06:59:38.341
Jordi Montraveta Moya,RUN21,07:01:36.325
Mathias Lyngsø Petersen,RUN21,07:01:55.927
Luciano Taccone,RUN21,07:05:56.247
Filipe Azevedo,RUN21,07:05:56.501
Joe Skipper,RUN21,07:07:03.716
Kristian Grue,RUN21,07:07:22.216
Paul Schuster,RUN21,07:08:27.868
Fernando Toldi,RUN21,07:08:30.669
Benjamin Zorgnotti,RUN21,07:08:34.673
Magnus Ditlev,RUN21,07:09:35.384
Harry Palmer,RUN21,07:11:24.403
Dominik Sowieja,RUN21,07:11:35.806
Chris Leiferman,RUN21,07:13:06.591
Dario Giovine,RUN21,07:13:49.364
Bart Aernouts,RUN21,07:15:50.993
Andrea Salvisberg,RUN21,07:16:09.27
Matt Hanson,RUN21,07:19:24.095
Andre Lopes,RUN21,07:19:31.903
Jack Moody,RUN21,07:21:35.177
Kristian Blummenfelt,RUN22,06:40:18.379
Gustav Iden,RUN22,06:40:18.379
Casper Stornes,RUN22,06:40:18.379
Sam Laidlow,RUN22,06:41:46.379
Marten Van Riel,RUN22,06:42:57.379
Nick Thompson,RUN22,06:47:28.379
Jonas Schomburg,RUN22,06:48:45.379
Jamie Riddle,RUN22,06:50:34.379
Matthew Marquardt,RUN22,06:54:28.379
Nathan Guerbeur,RUN22,06:58:06.379
Kristian Høgenhaug,RUN22,06:58:07.379
Rudy Von Berg,RUN22,06:58:07.379
Sam Long,RUN22,06:59:52.379
Antonio Benito,RUN22,06:59:55.379
Patrick Lange,RUN22,07:01:17.379
Finn Große-Freese,RUN22,07:01:20.379
Cameron Wurf,RUN22,07:01:28.379
Wilhelm Hirsch,RUN22,07:02:21.379
Jonas Hoffmann,RUN22,07:02:40.379
Kacper Stepniak,RUN22,07:02:42.379
Jan Stratmann,RUN22,07:02:43.379
Henrik Goesch,RUN22,07:02:54.379
Dylan Magnien,RUN22,07:02:59.379
Jon Saeveras Breivold,RUN22,07:03:29.379
Leon Chevalier,RUN22,07:03:40.379
Jordi Montraveta Moya,RUN22,07:05:35.379
Mathias Lyngsø Petersen,RUN22,07:06:47.379
Filipe Azevedo,RUN22,07:09:47.379
Luciano Taccone,RUN22,07:09:50.379
Joe Skipper,RUN22,07:11:06.379
Kristian Grue,RUN22,07:11:23.379
Benjamin Zorgnotti,RUN22,07:12:27.379
Paul Schuster,RUN22,07:12:57.379
Fernando Toldi,RUN22,07:13:46.379
Dominik Sowieja,RUN22,07:15:39.379
Harry Palmer,RUN22,07:15:55.379
Chris Leiferman,RUN22,07:17:23.379
Dario Giovine,RUN22,07:17:37.379
Bart Aernouts,RUN22,07:19:41.379
Andrea Salvisberg,RUN22,07:20:26.379
Matt Hanson,RUN22,07:22:56.379
Andre Lopes,RUN22,07:23:54.379
Jack Moody,RUN22,07:25:46.379
Casper Stornes,FINISH,07:51:38.274
Gustav Iden,FINISH,07:54:13.981
Kristian Blummenfelt,FINISH,07:56:35.903
Marten Van Riel,FINISH,08:02:17.309
Sam Laidlow,FINISH,08:03:54.891
Jonas Schomburg,FINISH,08:07:03.512
Nick Thompson,FINISH,08:10:31.208
Matthew Marquardt,FINISH,08:11:33.016
Patrick Lange,FINISH,08:14:12.54
Jamie Riddle,FINISH,08:14:59.618
Nathan Guerbeur,FINISH,08:15:52.669
Kristian Høgenhaug,FINISH,08:16:29.926
Rudy Von Berg,FINISH,08:17:09.243
Sam Long,FINISH,08:17:59.141
Kacper Stepniak,FINISH,08:20:45.399
Finn Große-Freese,FINISH,08:21:07.004
Henrik Goesch,FINISH,08:21:16.071
Jonas Hoffmann,FINISH,08:21:20.462
Dylan Magnien,FINISH,08:22:01.024
Jon Saeveras Breivold,FINISH,08:23:59.032
Cameron Wurf,FINISH,08:24:06.922
Jordi Montraveta Moya,FINISH,08:24:45.247
Wilhelm Hirsch,FINISH,08:28:50.645
Jan Stratmann,FINISH,08:31:10.419
Leon Chevalier,FINISH,08:31:28.145
Joe Skipper,FINISH,08:33:24.489
Dario Giovine,FINISH,08:34:35.149
Filipe Azevedo,FINISH,08:35:20.606
Benjamin Zorgnotti,FINISH,08:37:03.809
Dominik Sowieja,FINISH,08:38:32.122
Matt Hanson,FINISH,08:39:32.364
Kristian Grue,FINISH,08:40:34.672
Fernando Toldi,FINISH,08:42:12.649
Paul Schuster,FINISH,08:42:57.321
Bart Aernouts,FINISH,08:45:28.501
Chris Leiferman,FINISH,08:47:06.438
Andrea Salvisberg,FINISH,08:48:41.407
Jack Moody,FINISH,08:50:31.516
Andre Lopes,FINISH,08:55:13.059
Harry Palmer,FINISH,09:01:22.297
